year,naics_4,dherfindahl
2001,111339,-0.012157321
2002,111339,0.000619084
2003,111339,-0.017560422
2004,111339,-0.005454093
2005,111339,-0.006647408
2006,111339,0.001035243
2007,111339,0.006296635
2008,111339,0.02109319
2009,111339,-0.011885673
2010,111339,0.005714476
2011,111339,0.0074974
2012,111339,-0.045279086
2013,111339,0.16473481
2014,111339,0.49568528
2015,111339,0
2001,212313,1.19E-07
2002,212313,0
2003,212313,-1.19E-07
2004,212313,1.19E-07
2005,212313,0
2006,212313,0
2007,212313,0
2008,212313,0
2009,212313,0
2010,212313,-1.19E-07
2011,212313,1.19E-07
2012,212313,0
2013,212313,0
2014,212313,0
2015,212313,-1.19E-07
2001,221118,0
2002,221118,-1.19E-07
2003,221118,1.19E-07
2004,221118,0
2005,221118,0
2006,221118,0
2007,221118,0
2008,221118,0
2009,221118,0
2010,221118,0
2011,221118,0
2012,221118,0
2013,221118,-1.19E-07
2014,221118,1.19E-07
2015,221118,-0.00981009
2001,236210,0
2002,236210,0
2003,236210,0
2004,236210,0
2005,236210,0
2006,236210,0
2007,236210,0
2008,236210,0
2009,236210,0
2010,236210,0
2011,236210,0
2012,236210,-1.19E-07
2013,236210,0
2014,236210,1.19E-07
2015,236210,0
2001,237120,0.1166649
2002,237120,0.08913821
2003,237120,-0.003585756
2004,237120,0.020967811
2005,237120,-0.08728832
2006,237120,0.013939321
2007,237120,0.027407318
2008,237120,-0.090258658
2009,237120,0.039995879
2010,237120,-0.059453338
2011,237120,-0.022344843
2012,237120,0.050960258
2013,237120,-0.055773869
2014,237120,0.038986161
2015,237120,0.17852741
2001,237310,-0.038428575
2002,237310,-0.018394649
2003,237310,-0.014561027
2004,237310,-0.008683145
2005,237310,0.005917311
2006,237310,0.019517988
2007,237310,0.04965049
2008,237310,0.001420736
2009,237310,-0.011635274
2010,237310,0.011725724
2011,237310,-0.00623256
2012,237310,-0.014778644
2013,237310,0.009353697
2014,237310,-0.025318563
2015,237310,0.012598485
2001,237990,0.011048257
2002,237990,0.040766329
2003,237990,0.001554817
2004,237990,-0.039824009
2005,237990,-0.10788563
2006,237990,0.10924265
2007,237990,-0.0299896
2008,237990,-0.021035284
2009,237990,0.002911478
2010,237990,0.042015165
2011,237990,-0.016150177
2012,237990,-0.012373894
2013,237990,-0.029161483
2014,237990,-0.009938836
2015,237990,-0.00753811
2001,238210,-0.009235561
2002,238210,0.035728872
2003,238210,0.08037433
2004,238210,-0.046189815
2005,238210,-0.023833483
2006,238210,0.003094763
2007,238210,0.023838222
2008,238210,0.032301933
2009,238210,-0.017208278
2010,238210,0.006555915
2011,238210,-0.000550151
2012,238210,0.008559585
2013,238210,-0.009651989
2014,238210,0.014931053
2015,238210,0.038960457
2001,238220,-0.090358377
2002,238220,-0.093312681
2003,238220,0.013698399
2004,238220,0.17653728
2005,238220,0
2006,238220,0
2007,238220,-1.19E-07
2008,238220,1.19E-07
2009,238220,0
2010,238220,0
2011,238220,0
2012,238220,-0.014751434
2013,238220,0.014751315
2014,238220,1.19E-07
2015,238220,0
2001,311221,-0.035671711
2002,311221,-0.007703662
2003,311221,0.001630902
2004,311221,0.002749205
2005,311221,-0.00312227
2006,311221,0.005136311
2007,311221,0.015973806
2008,311221,-0.006199718
2009,311221,0.019400775
2010,311221,-0.012519419
2011,311221,0.014335752
2012,311221,0.007891357
2013,311221,-0.006505609
2014,311221,0.006770492
2015,311221,0.14195305
2001,311313,0.027323246
2002,311313,0.003859401
2003,311313,0.006832361
2004,311313,-0.13456351
2005,311313,-0.016268492
2006,311313,-0.022165656
2007,311313,0.04564625
2008,311313,0.00996387
2009,311313,-0.031892538
2010,311313,-0.016622722
2011,311313,0.038765132
2012,311313,-0.008842588
2013,311313,0.03254652
2014,311313,0.38317752
2015,311313,0
2001,311511,0.45318273
2002,311511,0.009092391
2003,311511,0.039345622
2004,311511,0.000222564
2005,311511,-0.000811338
2006,311511,-0.001641989
2007,311511,-0.001049399
2008,311511,-0.000579596
2009,311511,-0.003219962
2010,311511,0.000750542
2011,311511,-0.23356104
2012,311511,-0.048737466
2013,311511,-0.062143445
2014,311511,-0.047076344
2015,311511,-0.046800911
2001,311613,0
2002,311613,0
2003,311613,0
2004,311613,-1.19E-07
2005,311613,1.19E-07
2006,311613,0
2007,311613,0
2008,311613,0
2009,311613,0
2010,311613,0
2011,311613,0
2012,311613,0
2013,311613,0
2014,311613,0
2015,311613,0
2001,311911,0
2002,311911,0
2003,311911,0
2004,311911,-1.19E-07
2005,311911,1.19E-07
2006,311911,0
2007,311911,-0.22867143
2008,311911,-0.086911798
2009,311911,-0.015034199
2010,311911,-0.041245818
2011,311911,0.006784678
2012,311911,-0.014777422
2013,311911,0.029238939
2014,311911,0.009226441
2015,311911,0.027091384
2001,311942,0.006969214
2002,311942,-0.000278711
2003,311942,-0.00342238
2004,311942,-0.009682179
2005,311942,0.028504133
2006,311942,0
2007,311942,0
2008,311942,0
2009,311942,0
2010,311942,0
2011,311942,0
2012,311942,0
2013,311942,0
2014,311942,0
2015,311942,-1.19E-07
2001,313110,0
2002,313110,0
2003,313110,0
2004,313110,0
2005,313110,0
2006,313110,0
2007,313110,0
2008,313110,0
2009,313110,-1.19E-07
2010,313110,1.19E-07
2011,313110,0
2012,313110,0
2013,313110,0
2014,313110,0
2015,313110,0
2001,313210,0.006045967
2002,313210,-0.013318755
2003,313210,0.029505245
2004,313210,0.068713844
2005,313210,0.027556568
2006,313210,0.023451313
2007,313210,0.080029279
2008,313210,-0.000641644
2009,313210,-0.031161815
2010,313210,0.004621983
2011,313210,-0.009973526
2012,313210,-0.006513715
2013,313210,-0.003771156
2014,313210,0.033297658
2015,313210,-0.00325504
2001,314110,0.035673648
2002,314110,0.090748668
2003,314110,0.075212657
2004,314110,0.02877146
2005,314110,0.002735436
2006,314110,0.020284534
2007,314110,-0.007185042
2008,314110,-0.014964998
2009,314110,0.001511335
2010,314110,-0.024431884
2011,314110,-0.010295033
2012,314110,0.025693238
2013,314110,0.029416144
2014,314110,-0.003936708
2015,314110,0.004529834
2001,315220,-0.002641469
2002,315220,-0.015344471
2003,315220,-0.007850111
2004,315220,0.001353264
2005,315220,-0.004744977
2006,315220,-0.002142727
2007,315220,0.012133867
2008,315220,0.024459302
2009,315220,-0.001485467
2010,315220,-0.001114994
2011,315220,0.011591733
2012,315220,0.018346727
2013,315220,0.006074667
2014,315220,0.042497814
2015,315220,-0.001602054
2001,315240,-0.030933738
2002,315240,0.028737456
2003,315240,0.030719995
2004,315240,-0.031303525
2005,315240,-0.045455307
2006,315240,-0.033587903
2007,315240,0.030430198
2008,315240,-0.008874208
2009,315240,0.004167646
2010,315240,-0.011772245
2011,315240,-0.033271939
2012,315240,-0.037729353
2013,315240,-0.006089211
2014,315240,-0.006990254
2015,315240,0.006362855
2001,315280,0.007085174
2002,315280,0.008590579
2003,315280,0.022627205
2004,315280,0.059114248
2005,315280,0.009771586
2006,315280,0.014499635
2007,315280,-0.037582695
2008,315280,-0.06055662
2009,315280,-0.016543984
2010,315280,-0.035540372
2011,315280,-0.006314248
2012,315280,-0.003397971
2013,315280,-0.004171789
2014,315280,0.005211741
2015,315280,0.022239
2001,315990,0.03270328
2002,315990,-0.055081367
2003,315990,0.003231525
2004,315990,0.022164106
2005,315990,0.034066081
2006,315990,-0.000736713
2007,315990,0.006929398
2008,315990,-0.08475697
2009,315990,0.014034748
2010,315990,0.004896879
2011,315990,-0.02687788
2012,315990,-0.021857977
2013,315990,-0.032883167
2014,315990,0.43160796
2015,315990,-0.44071066
2001,316210,-0.02050817
2002,316210,0.010822177
2003,316210,0.030631304
2004,316210,0.007163405
2005,316210,-0.025850117
2006,316210,-0.021419704
2007,316210,0.015783608
2008,316210,0.022334337
2009,316210,0.009909272
2010,316210,-0.02219981
2011,316210,0.026905239
2012,316210,0.007375419
2013,316210,0.018341422
2014,316210,0.007381201
2015,316210,-0.007222831
2001,321211,0
2002,321211,0
2003,321211,0
2004,321211,0
2005,321211,0
2006,321211,0
2007,321211,-1.19E-07
2008,321211,1.19E-07
2009,321211,0
2010,321211,0
2011,321211,-1.19E-07
2012,321211,1.19E-07
2013,321211,0
2014,321211,0
2015,321211,0
2001,321992,-0.007214516
2002,321992,0.023573712
2003,321992,0.036701605
2004,321992,0.068359226
2005,321992,0.016226113
2006,321992,0.008732379
2007,321992,-0.010783404
2008,321992,0.024922162
2009,321992,0.040363282
2010,321992,0.23449546
2011,321992,-0.12751019
2012,321992,0.049500227
2013,321992,0.031662047
2014,321992,0.002794445
2015,321992,0.11290634
2001,322121,0.043312818
2002,322121,0.081561819
2003,322121,-0.016633302
2004,322121,-0.026650101
2005,322121,0.051235825
2006,322121,-0.021562874
2007,322121,-0.030625969
2008,322121,-0.057574734
2009,322121,0.020478874
2010,322121,-0.003149778
2011,322121,0.16035883
2012,322121,-0.030065835
2013,322121,-0.053444237
2014,322121,0.030334055
2015,322121,-0.043970853
2001,322130,-0.017656982
2002,322130,0.021794558
2003,322130,-0.000784159
2004,322130,-0.011282682
2005,322130,0.005302817
2006,322130,-0.014126301
2007,322130,-0.059355885
2008,322130,0.027225792
2009,322130,0.029865086
2010,322130,0.005516559
2011,322130,0.18001011
2012,322130,0.041648686
2013,322130,-0.004543424
2014,322130,-0.063030303
2015,322130,0.12830567
2001,322211,-0.000284642
2002,322211,0.081847936
2003,322211,-0.00967446
2004,322211,0.013228089
2005,322211,0.000696778
2006,322211,0.148451
2007,322211,-6.39558E-05
2008,322211,0.004233182
2009,322211,0.004747152
2010,322211,-0.003565729
2011,322211,0.054645002
2012,322211,0.079356134
2013,322211,-0.040358484
2014,322211,-0.066108704
2015,322211,0.021289885
2001,322212,0.00426057
2002,322212,0.001115322
2003,322212,0.44863516
2004,322212,0.074011207
2005,322212,0
2006,322212,-1.19E-07
2007,322212,1.19E-07
2008,322212,-1.19E-07
2009,322212,0
2010,322212,1.19E-07
2011,322212,0
2012,322212,0
2013,322212,0
2014,322212,0
2015,322212,0
2001,322219,-0.064287603
2002,322219,-0.005067736
2003,322219,-0.015683502
2004,322219,0.007553577
2005,322219,0.004493386
2006,322219,-0.056024283
2007,322219,-0.009798795
2008,322219,-0.013516873
2009,322219,-0.006654948
2010,322219,0.004061043
2011,322219,-0.003359199
2012,322219,0.13101974
2013,322219,-0.000182152
2014,322219,-0.074568689
2015,322219,-0.039021373
2001,322220,0.0379484
2002,322220,-0.028548211
2003,322220,0.005595595
2004,322220,-0.000608593
2005,322220,0.002312213
2006,322220,0.016062647
2007,322220,0.00127244
2008,322220,-0.005237401
2009,322220,0.004775077
2010,322220,0.006117046
2011,322220,0.021083266
2012,322220,0.020798326
2013,322220,-0.023961157
2014,322220,0.012738168
2015,322220,0.002482832
2001,322230,0
2002,322230,0
2003,322230,0
2004,322230,0
2005,322230,0
2006,322230,0
2007,322230,0
2008,322230,0
2009,322230,0
2010,322230,-0.1515981
2011,322230,-6.11544E-05
2012,322230,-0.00034678
2013,322230,-0.018685102
2014,322230,0.005702376
2015,322230,-0.034867764
2001,323111,-0.010338008
2002,323111,-0.006652176
2003,323111,-0.095399529
2004,323111,0.002042472
2005,323111,-0.056087524
2006,323111,-0.031863987
2007,323111,-0.002819598
2008,323111,-0.12921439
2009,323111,-0.014531597
2010,323111,0.066939384
2011,323111,0.033537596
2012,323111,-0.029418707
2013,323111,0.016940057
2014,323111,-0.044360638
2015,323111,-0.009623453
2001,324110,0.009901822
2002,324110,-0.002958804
2003,324110,-0.000545606
2004,324110,-0.001667827
2005,324110,0.076425597
2006,324110,-0.044980451
2007,324110,-0.017666355
2008,324110,0.027379513
2009,324110,-0.041905165
2010,324110,0.023456171
2011,324110,-0.001473859
2012,324110,-0.003733933
2013,324110,0.001156122
2014,324110,-0.027055025
2015,324110,0.004036367
2001,324122,-0.001215577
2002,324122,-0.012188584
2003,324122,0.038858473
2004,324122,-0.005498976
2005,324122,-0.020620495
2006,324122,-0.003118306
2007,324122,0.12615308
2008,324122,-0.004900873
2009,324122,0.499286
2010,324122,0
2011,324122,0
2012,324122,0
2013,324122,-1.19E-07
2014,324122,0
2015,324122,1.19E-07
2001,325120,0.000243425
2002,325120,0.000108778
2003,325120,0.000108957
2004,325120,-6.9052E-05
2005,325120,0.001565725
2006,325120,0.16481459
2007,325120,6.51479E-05
2008,325120,-0.000373125
2009,325120,0.000664711
2010,325120,0.000794768
2011,325120,-0.000117421
2012,325120,0.001490116
2013,325120,0.000120342
2014,325120,0.000146091
2015,325120,-0.00235188
2001,325199,-0.016053557
2002,325199,-0.040407658
2003,325199,-0.000988692
2004,325199,0.020135418
2005,325199,0.003792167
2006,325199,0.006996825
2007,325199,0.082446814
2008,325199,-0.005664945
2009,325199,-0.094569162
2010,325199,-0.000945717
2011,325199,0.034705535
2012,325199,-0.053540066
2013,325199,-0.004367292
2014,325199,0.005430266
2015,325199,-0.014209032
2001,325211,0.038457513
2002,325211,0.015112102
2003,325211,0.022109389
2004,325211,0.10790166
2005,325211,0.029791296
2006,325211,0.003962994
2007,325211,0.005996347
2008,325211,0.003264546
2009,325211,0.1329307
2010,325211,-0.098191381
2011,325211,0.040256858
2012,325211,-0.026291549
2013,325211,-0.087313741
2014,325211,-0.000849396
2015,325211,-0.024487406
2001,325212,0
2002,325212,0
2003,325212,0
2004,325212,0
2005,325212,0
2006,325212,0
2007,325212,0
2008,325212,0
2009,325212,0
2010,325212,0
2011,325212,-1.19E-07
2012,325212,1.19E-07
2013,325212,0
2014,325212,0
2015,325212,0
2001,325320,-0.17343229
2002,325320,-0.065288186
2003,325320,0.003403038
2004,325320,0.15277627
2005,325320,-0.008247435
2006,325320,0.0249964
2007,325320,0.24744505
2008,325320,-0.006559312
2009,325320,-0.002562642
2010,325320,-0.004508138
2011,325320,-0.072491348
2012,325320,-0.015039384
2013,325320,0.001782239
2014,325320,0.027465761
2015,325320,-0.044998407
2001,325520,-0.022149086
2002,325520,0.21183407
2003,325520,-0.01061058
2004,325520,0.29217184
2005,325520,-0.022050798
2006,325520,-0.062957466
2007,325520,-0.070020378
2008,325520,-0.049843788
2009,325520,0.077049971
2010,325520,-0.018956661
2011,325520,-0.045909643
2012,325520,0.000302374
2013,325520,-0.036669731
2014,325520,-0.023782253
2015,325520,0.032733381
2001,325611,0.002632499
2002,325611,-0.031884551
2003,325611,-0.011728287
2004,325611,0.044526339
2005,325611,-0.00288409
2006,325611,0.02701205
2007,325611,0.019372463
2008,325611,-0.001417279
2009,325611,-0.010868132
2010,325611,-0.003650427
2011,325611,0.036046088
2012,325611,-0.002940714
2013,325611,-0.005465567
2014,325611,-0.002637267
2015,325611,-0.00663209
2001,325612,0.075415671
2002,325612,-0.022855073
2003,325612,-0.001083881
2004,325612,0.000776052
2005,325612,-0.049002141
2006,325612,0.008913398
2007,325612,0.003143609
2008,325612,0.004856437
2009,325612,0.002494067
2010,325612,-0.024857849
2011,325612,0.004699409
2012,325612,0.071542084
2013,325612,0.015938878
2014,325612,0.013817668
2015,325612,0.04255861
2001,325613,-0.000525355
2002,325613,-0.001219988
2003,325613,0.000633001
2004,325613,0.001512408
2005,325613,0.003151536
2006,325613,0.000490189
2007,325613,0.001520038
2008,325613,0.003813505
2009,325613,-0.003714681
2010,325613,0.000584602
2011,325613,0.004677534
2012,325613,-0.000951052
2013,325613,0.000573874
2014,325613,-0.000566721
2015,325613,-0.000564575
2001,325992,0.00629735
2002,325992,0.019179106
2003,325992,0.005571485
2004,325992,-0.005399227
2005,325992,0.051049709
2006,325992,0
2007,325992,0
2008,325992,0
2009,325992,0
2010,325992,0
2011,325992,0
2012,325992,0
2013,325992,0
2014,325992,0
2015,325992,0
2001,325998,0.002949819
2002,325998,-0.026447132
2003,325998,0.000998199
2004,325998,0.002683267
2005,325998,0.024437919
2006,325998,0.013385728
2007,325998,0.008382186
2008,325998,0.046574473
2009,325998,-0.028104961
2010,325998,-0.02099213
2011,325998,0.06220302
2012,325998,0.033032835
2013,325998,0.000739932
2014,325998,0.002633333
2015,325998,0.10067633
2001,326112,-0.20177653
2002,326112,0.038977414
2003,326112,0.080887437
2004,326112,-0.011221945
2005,326112,-0.002144098
2006,326112,-0.016866505
2007,326112,-0.037944913
2008,326112,0.067629516
2009,326112,-0.007185876
2010,326112,-0.030454516
2011,326112,0.061469793
2012,326112,-0.005483329
2013,326112,0.036799967
2014,326112,0.004597664
2015,326112,0.001905441
2001,326113,0.016225904
2002,326113,0.004342765
2003,326113,0.008850783
2004,326113,-0.009098411
2005,326113,0.026510119
2006,326113,-0.008883655
2007,326113,0.12917614
2008,326113,0.009242535
2009,326113,0.01048255
2010,326113,-0.071882367
2011,326113,0.019757688
2012,326113,0.055224061
2013,326113,0.00312835
2014,326113,0.043950438
2015,326113,0.00110364
2001,326140,0.035991967
2002,326140,0.016735375
2003,326140,0.008524239
2004,326140,-0.006558955
2005,326140,0.002475798
2006,326140,-0.006814957
2007,326140,0.006428123
2008,326140,0.1926111
2009,326140,-0.23927295
2010,326140,-0.042218447
2011,326140,-0.000575542
2012,326140,0.28206694
2013,326140,0
2014,326140,0
2015,326140,0
2001,326211,0.013073087
2002,326211,-0.00924319
2003,326211,0.015472233
2004,326211,0.11589682
2005,326211,0.004766107
2006,326211,-0.027152419
2007,326211,0.0417853
2008,326211,0.00158453
2009,326211,-0.024411798
2010,326211,-0.008393109
2011,326211,0.006111145
2012,326211,-0.026982069
2013,326211,0.023366034
2014,326211,-0.012729287
2015,326211,0.007789016
2001,326212,-1.19E-07
2002,326212,0
2003,326212,1.19E-07
2004,326212,-1.19E-07
2005,326212,1.19E-07
2006,326212,0
2007,326212,0
2008,326212,0
2009,326212,0
2010,326212,0
2011,326212,0
2012,326212,-1.19E-07
2013,326212,1.19E-07
2014,326212,0
2015,326212,0
2001,326299,0.061969504
2002,326299,0.004312277
2003,326299,0.040925026
2004,326299,0.184843
2005,326299,0.04536432
2006,326299,0.043044031
2007,326299,0.021028817
2008,326299,-0.028395534
2009,326299,0.036107421
2010,326299,-0.012322068
2011,326299,-0.030544817
2012,326299,0.043426156
2013,326299,0.01296258
2014,326299,-0.041539729
2015,326299,-0.039074004
2001,327212,0.002989888
2002,327212,-0.004507661
2003,327212,0.064126134
2004,327212,0
2005,327212,-1.19E-07
2006,327212,1.19E-07
2007,327212,0
2008,327212,-1.19E-07
2009,327212,1.19E-07
2010,327212,0
2011,327212,0
2012,327212,0
2013,327212,0
2014,327212,-1.19E-07
2015,327212,0
2001,327213,-0.016803324
2002,327213,0.005821466
2003,327213,0.005601645
2004,327213,0.052976906
2005,327213,0.19365877
2006,327213,0
2007,327213,0
2008,327213,0
2009,327213,0
2010,327213,0
2011,327213,0
2012,327213,0
2013,327213,-0.001986504
2014,327213,-0.000424981
2015,327213,-0.000318766
2001,327310,-0.007003844
2002,327310,0.021653831
2003,327310,0.002346486
2004,327310,0.000645846
2005,327310,-0.013753742
2006,327310,0.006840825
2007,327310,0.015935063
2008,327310,0.007695139
2009,327310,-0.002013058
2010,327310,-0.002727449
2011,327310,-0.04018864
2012,327310,-0.001247138
2013,327310,0.048762441
2014,327310,0.001219958
2015,327310,0.19631737
2001,327390,0.037716985
2002,327390,-0.001439273
2003,327390,-0.24369109
2004,327390,-0.022033513
2005,327390,0.024380863
2006,327390,0.032667875
2007,327390,-0.008696675
2008,327390,-0.039900273
2009,327390,-0.009488642
2010,327390,-0.000750273
2011,327390,0.43591458
2012,327390,0.010260105
2013,327390,-0.000176787
2014,327390,0.0193187
2015,327390,-0.007487536
2001,327992,0
2002,327992,0
2003,327992,0
2004,327992,0
2005,327992,0
2006,327992,-1.19E-07
2007,327992,1.19E-07
2008,327992,0
2009,327992,0
2010,327992,0
2011,327992,0
2012,327992,0
2013,327992,0
2014,327992,0
2015,327992,-0.49156845
2001,327993,0
2002,327993,0
2003,327993,0
2004,327993,-0.47181553
2005,327993,0.010953486
2006,327993,0.007981062
2007,327993,-0.033092618
2008,327993,0.021241188
2009,327993,0.000318468
2010,327993,0.005691111
2011,327993,0.004352927
2012,327993,0.008064508
2013,327993,-0.002081275
2014,327993,0.011161864
2015,327993,0.008323789
2001,331221,0.020128161
2002,331221,0.074514747
2003,331221,-0.0115408
2004,331221,0.002432048
2005,331221,0.017215788
2006,331221,0.006681234
2007,331221,0.14276549
2008,331221,-0.025237858
2009,331221,-0.015143752
2010,331221,0.081355929
2011,331221,-0.020451903
2012,331221,-0.034627736
2013,331221,0.07984668
2014,331221,-0.002024353
2015,331221,-0.048425972
2001,331315,0.057971865
2002,331315,0.083988726
2003,331315,0.006895721
2004,331315,0.1569699
2005,331315,-0.089848876
2006,331315,0.43497521
2007,331315,-0.21776545
2008,331315,0.2376976
2009,331315,-0.46189523
2010,331315,-0.020749569
2011,331315,0.05967319
2012,331315,-0.1930145
2013,331315,-0.04787299
2014,331315,0.11034927
2015,331315,-0.040362358
2001,331420,-0.052056819
2002,331420,-0.011406213
2003,331420,-0.006800085
2004,331420,-0.049833924
2005,331420,0.007068068
2006,331420,0.00681138
2007,331420,0.008745045
2008,331420,0.048175424
2009,331420,0.02517572
2010,331420,-0.031566918
2011,331420,-0.004702866
2012,331420,0.021959007
2013,331420,0.066917807
2014,331420,-0.022944599
2015,331420,-0.037805587
2001,332111,0.11552751
2002,332111,-0.11199263
2003,332111,0.17602769
2004,332111,-0.029056489
2005,332111,-0.012295365
2006,332111,0.013490677
2007,332111,0.13714725
2008,332111,-0.068522394
2009,332111,-0.003579617
2010,332111,0.06229943
2011,332111,0.03741312
2012,332111,0.068790615
2013,332111,0.018728733
2014,332111,0.017092109
2015,332111,0.021957695
2001,332216,0.067896187
2002,332216,0.005744577
2003,332216,-0.008285999
2004,332216,-0.026063085
2005,332216,-0.03006506
2006,332216,0.031922638
2007,332216,0.057335734
2008,332216,-0.017345369
2009,332216,-0.01530093
2010,332216,-0.008482158
2011,332216,-0.02923739
2012,332216,-0.012125432
2013,332216,0.013409495
2014,332216,0.011957943
2015,332216,0.02273339
2001,332312,0.002795816
2002,332312,0.009406492
2003,332312,0.028865948
2004,332312,0.009764567
2005,332312,-0.017065391
2006,332312,-0.007142723
2007,332312,-0.019576907
2008,332312,0.000219569
2009,332312,0.087606296
2010,332312,0.064159483
2011,332312,0.01157257
2012,332312,0.10448962
2013,332312,0.098973304
2014,332312,-0.094848722
2015,332312,-0.10559079
2001,332313,0.10606888
2002,332313,0.13650328
2003,332313,0.00271672
2004,332313,0.003747404
2005,332313,-0.006046712
2006,332313,0.49902254
2007,332313,0
2008,332313,0
2009,332313,0
2010,332313,0
2011,332313,0
2012,332313,0
2013,332313,0
2014,332313,0
2015,332313,0
2001,332321,0.059618384
2002,332321,0.005867273
2003,332321,0.015963852
2004,332321,0.055671781
2005,332321,-0.029744387
2006,332321,0.007447124
2007,332321,0.077748686
2008,332321,-0.14626265
2009,332321,0.023263723
2010,332321,0.003198624
2011,332321,0.038576007
2012,332321,-0.000990182
2013,332321,-0.05200541
2014,332321,0.013199776
2015,332321,-0.018980682
2001,332410,-0.016881347
2002,332410,0.018234372
2003,332410,0.011252284
2004,332410,0.25474358
2005,332410,0
2006,332410,0
2007,332410,0
2008,332410,-0.25080526
2009,332410,-0.15252632
2010,332410,-0.11641341
2011,332410,0.27869356
2012,332410,0.058949232
2013,332410,0.014354944
2014,332410,0.028385937
2015,332410,0.058304727
2001,332431,-0.003645957
2002,332431,0.010281861
2003,332431,-0.042565793
2004,332431,0.026979089
2005,332431,0.031048536
2006,332431,-0.069691151
2007,332431,0.034119725
2008,332431,0.033576816
2009,332431,-0.0016298
2010,332431,0.000805348
2011,332431,-0.002178192
2012,332431,-0.001735061
2013,332431,-0.002625018
2014,332431,-0.058396667
2015,332431,-0.038431495
2001,332613,0
2002,332613,0
2003,332613,0
2004,332613,0
2005,332613,0
2006,332613,0
2007,332613,0
2008,332613,0
2009,332613,-1.19E-07
2010,332613,1.19E-07
2011,332613,0
2012,332613,0
2013,332613,0
2014,332613,0
2015,332613,-1.19E-07
2001,332912,0.01295048
2002,332912,0.011923194
2003,332912,-0.10948211
2004,332912,-0.02027607
2005,332912,0.003875554
2006,332912,0.005422294
2007,332912,-0.00925827
2008,332912,0.017812848
2009,332912,-0.008880138
2010,332912,-0.018427789
2011,332912,0.021333933
2012,332912,0.010668397
2013,332912,-0.023138404
2014,332912,-0.001081467
2015,332912,0.000865519
2001,332913,0
2002,332913,-1.19E-07
2003,332913,1.19E-07
2004,332913,0
2005,332913,0
2006,332913,0
2007,332913,0
2008,332913,0
2009,332913,0
2010,332913,0
2011,332913,0
2012,332913,0
2013,332913,0
2014,332913,0
2015,332913,0
2001,332919,0
2002,332919,0
2003,332919,0
2004,332919,0
2005,332919,-1.19E-07
2006,332919,1.19E-07
2007,332919,0
2008,332919,0
2009,332919,0
2010,332919,0
2011,332919,0
2012,332919,0
2013,332919,-1.19E-07
2014,332919,0
2015,332919,1.19E-07
2001,332991,0.005630851
2002,332991,0.019902676
2003,332991,-0.006866068
2004,332991,0.023221403
2005,332991,0.017223477
2006,332991,0.01838237
2007,332991,0.009929478
2008,332991,-0.024970502
2009,332991,-0.021426409
2010,332991,-0.009664863
2011,332991,-0.017245442
2012,332991,0.00959906
2013,332991,0.02622357
2014,332991,0.004957765
2015,332991,-0.00796634
2001,332993,0
2002,332993,0
2003,332993,0
2004,332993,0
2005,332993,0
2006,332993,0
2007,332993,0
2008,332993,0
2009,332993,0
2010,332993,-1.19E-07
2011,332993,1.19E-07
2012,332993,0
2013,332993,-1.19E-07
2014,332993,1.19E-07
2015,332993,-1.19E-07
2001,333111,0.005041391
2002,333111,-4.70281E-05
2003,333111,-3.95179E-05
2004,333111,0.00518325
2005,333111,0.007579029
2006,333111,-0.006019324
2007,333111,-0.005233914
2008,333111,0.005568862
2009,333111,-0.001194745
2010,333111,0.002704799
2011,333111,0.002437145
2012,333111,-0.050669014
2013,333111,0.050435066
2014,333111,0.002425939
2015,333111,-0.004450887
2001,333120,0.03025794
2002,333120,-0.019688606
2003,333120,-0.005568206
2004,333120,0.011150002
2005,333120,0.006273568
2006,333120,0.002895773
2007,333120,0.005909026
2008,333120,0.03950429
2009,333120,-0.031703353
2010,333120,-0.008742094
2011,333120,0.042097807
2012,333120,0.050839186
2013,333120,-0.024180174
2014,333120,0.020786822
2015,333120,-0.035845876
2001,333131,-0.002869427
2002,333131,0.001094461
2003,333131,-0.018967867
2004,333131,-0.025381565
2005,333131,0.011636078
2006,333131,-0.005651414
2007,333131,-0.11518812
2008,333131,-0.013316453
2009,333131,-0.086265564
2010,333131,-0.014538616
2011,333131,0.58892846
2012,333131,-1.19E-07
2013,333131,1.19E-07
2014,333131,0
2015,333131,0
2001,333132,0.001981251
2002,333132,0.01078821
2003,333132,-0.009077527
2004,333132,0.001141168
2005,333132,0.019250207
2006,333132,0.020012222
2007,333132,0.009700507
2008,333132,0.028234214
2009,333132,0.040411323
2010,333132,-0.015662074
2011,333132,-0.021839067
2012,333132,0.029182509
2013,333132,0.029083163
2014,333132,-0.010394469
2015,333132,-0.002961174
2001,333413,-0.006962121
2002,333413,0.054081738
2003,333413,0.024360299
2004,333413,0.013090134
2005,333413,-0.001305223
2006,333413,-0.061508715
2007,333413,-0.13142335
2008,333413,-0.000896037
2009,333413,-0.006556809
2010,333413,0.17185563
2011,333413,0.014198482
2012,333413,-0.005698144
2013,333413,0.054712296
2014,333413,-0.006331742
2015,333413,-0.068365037
2001,333415,0.018618837
2002,333415,0.009205639
2003,333415,0.004665509
2004,333415,0.006785438
2005,333415,0.019776419
2006,333415,0.022020444
2007,333415,0.049379364
2008,333415,0.013807267
2009,333415,-0.024213016
2010,333415,0.034683287
2011,333415,0.025340438
2012,333415,0.008572966
2013,333415,0.007701308
2014,333415,0.000597686
2015,333415,0.005597413
2001,333514,0.17453682
2002,333514,-0.000761747
2003,333514,-0.10837722
2004,333514,0.040381193
2005,333514,0.033276439
2006,333514,-0.032939792
2007,333514,0.18369496
2008,333514,0
2009,333514,0
2010,333514,0
2011,333514,0
2012,333514,0
2013,333514,0
2014,333514,-1.19E-07
2015,333514,1.19E-07
2001,333517,-0.022785068
2002,333517,0.008364677
2003,333517,0.004413009
2004,333517,-0.013535976
2005,333517,-0.010437191
2006,333517,-0.018308997
2007,333517,-0.011199534
2008,333517,0.028612196
2009,333517,0.025699317
2010,333517,-0.03380084
2011,333517,-0.006641388
2012,333517,0.023805976
2013,333517,-0.006175518
2014,333517,0.021919608
2015,333517,-0.011835277
2001,333618,-0.003549635
2002,333618,-0.024628252
2003,333618,-0.065783322
2004,333618,0.034865677
2005,333618,-0.008585572
2006,333618,0.008845091
2007,333618,0.019185454
2008,333618,0.016602486
2009,333618,-0.037880689
2010,333618,0.028670341
2011,333618,0.055788487
2012,333618,-0.011061609
2013,333618,-0.016690731
2014,333618,0.031643599
2015,333618,0.089772582
2001,333914,-0.011004776
2002,333914,-0.000199229
2003,333914,-0.001281023
2004,333914,-0.016417742
2005,333914,-0.001852006
2006,333914,-0.002223522
2007,333914,0.004359096
2008,333914,0.044882655
2009,333914,-0.054012567
2010,333914,-0.013020426
2011,333914,-0.088653356
2012,333914,0.000768751
2013,333914,-0.011099562
2014,333914,-0.007986724
2015,333914,-0.001592696
2001,333923,0.01702556
2002,333923,0.077681452
2003,333923,0.049218386
2004,333923,0.010765314
2005,333923,0.024330735
2006,333923,-0.00535059
2007,333923,-0.013126135
2008,333923,-0.000814497
2009,333923,-0.078421086
2010,333923,0.005874455
2011,333923,0.030753732
2012,333923,0.010315567
2013,333923,-0.007506371
2014,333923,0.009140611
2015,333923,-0.00521034
2001,333991,0.001048058
2002,333991,-0.009604782
2003,333991,-0.012318194
2004,333991,0.014395565
2005,333991,0.017228752
2006,333991,-0.027816653
2007,333991,-0.025495201
2008,333991,0.003181756
2009,333991,-0.008150131
2010,333991,0.24308157
2011,333991,0.022940814
2012,333991,0.012202919
2013,333991,-0.009655476
2014,333991,0.019536376
2015,333991,-0.019380629
2001,333992,0.011664093
2002,333992,0.011973023
2003,333992,0.002879918
2004,333992,0.022145867
2005,333992,0.039929867
2006,333992,-0.11444086
2007,333992,-0.00557512
2008,333992,-0.006869733
2009,333992,-0.022551179
2010,333992,0.17085797
2011,333992,0.003321528
2012,333992,-0.16217119
2013,333992,0.00612694
2014,333992,0.011241794
2015,333992,-0.005426168
2001,334412,0.054704145
2002,334412,-0.022231355
2003,334412,0.052302599
2004,334412,0.012127548
2005,334412,-0.034399897
2006,334412,-0.006788671
2007,334412,0.070474744
2008,334412,-0.046765685
2009,334412,0.029010087
2010,334412,-0.025511473
2011,334412,0.038776785
2012,334412,-0.023454219
2013,334412,0.01297009
2014,334412,-0.003473818
2015,334412,-0.004520834
2001,334418,0.18889949
2002,334418,-0.078586876
2003,334418,0.064225435
2004,334418,-0.10179183
2005,334418,-0.1695766
2006,334418,-0.005539581
2007,334418,0.008096814
2008,334418,0.031375915
2009,334418,0.007070631
2010,334418,0.002218962
2011,334418,-0.007468656
2012,334418,0.005148873
2013,334418,0.021447241
2014,334418,-0.03945303
2015,334418,-0.009292662
2001,334511,-0.017051756
2002,334511,0.036344409
2003,334511,0.033556014
2004,334511,0.05746752
2005,334511,-0.018969804
2006,334511,-0.019011587
2007,334511,-0.014848053
2008,334511,-0.013078094
2009,334511,0.009313375
2010,334511,-0.039883226
2011,334511,-0.031430215
2012,334511,-0.001624405
2013,334511,0.001442403
2014,334511,0.003396601
2015,334511,0.031280756
2001,334513,0.029424369
2002,334513,-0.015149653
2003,334513,-0.017026663
2004,334513,-0.027355611
2005,334513,-0.020732403
2006,334513,-0.014398813
2007,334513,0.001277804
2008,334513,-0.048379004
2009,334513,0.006272435
2010,334513,-0.061222315
2011,334513,0.011611044
2012,334513,-0.014120638
2013,334513,-0.013458729
2014,334513,-0.034941912
2015,334513,-0.041338891
2001,334516,-0.031881541
2002,334516,-0.030953184
2003,334516,-0.002497919
2004,334516,0.007588022
2005,334516,-0.002315879
2006,334516,0.00380151
2007,334516,0.008280352
2008,334516,-0.000787273
2009,334516,0.00670819
2010,334516,0.020154089
2011,334516,0.028187394
2012,334516,0.006203175
2013,334516,0.00036256
2014,334516,0.005110741
2015,334516,0.014358386
2001,334519,0.011239745
2002,334519,0.013447702
2003,334519,0.007419705
2004,334519,-0.002502948
2005,334519,-0.00253123
2006,334519,-0.00333567
2007,334519,-0.002052724
2008,334519,0.016631827
2009,334519,0.017061517
2010,334519,0.013106331
2011,334519,0.008252055
2012,334519,0.006399989
2013,334519,0.032680735
2014,334519,0.013770238
2015,334519,0.007593095
2001,335122,-0.006159604
2002,335122,-0.001665026
2003,335122,0.017562032
2004,335122,0.00796786
2005,335122,0.029211998
2006,335122,-0.007890344
2007,335122,0.21235472
2008,335122,-0.070576429
2009,335122,-0.000433922
2010,335122,-0.030774295
2011,335122,-0.017934173
2012,335122,0.008648008
2013,335122,-0.02404353
2014,335122,0.005067349
2015,335122,-0.004793346
2001,335220,0
2002,335220,0
2003,335220,-1.19E-07
2004,335220,1.19E-07
2005,335220,0
2006,335220,0
2007,335220,0
2008,335220,0
2009,335220,-1.19E-07
2010,335220,0
2011,335220,1.19E-07
2012,335220,0
2013,335220,-1.19E-07
2014,335220,1.19E-07
2015,335220,-1.19E-07
2001,335312,-0.048599288
2002,335312,0.061075971
2003,335312,0.044772178
2004,335312,0.1085414
2005,335312,-0.063103855
2006,335312,0.045564026
2007,335312,-0.036159813
2008,335312,-0.063800335
2009,335312,0.019095272
2010,335312,0.11397398
2011,335312,-0.003361791
2012,335312,-0.043455303
2013,335312,0.006834269
2014,335312,-0.010759711
2015,335312,0.046563119
2001,335313,0.006577015
2002,335313,-0.017408729
2003,335313,0.000621676
2004,335313,-0.005512178
2005,335313,0.003113747
2006,335313,-0.00813067
2007,335313,-0.003703356
2008,335313,0.007989883
2009,335313,-0.001505792
2010,335313,-0.001220822
2011,335313,0.007496953
2012,335313,-0.005165339
2013,335313,0.00155437
2014,335313,-0.005946934
2015,335313,-0.009361327
2001,335314,0.022742957
2002,335314,0.011679262
2003,335314,0.018820286
2004,335314,0.015837252
2005,335314,-0.001488388
2006,335314,0.003535152
2007,335314,0.014817238
2008,335314,0.004240632
2009,335314,-0.021448493
2010,335314,0.012622416
2011,335314,-0.007859469
2012,335314,-0.008246243
2013,335314,0.059407532
2014,335314,-0.00379175
2015,335314,-0.011101186
2001,335911,0.053115487
2002,335911,-0.20538116
2003,335911,-0.001247585
2004,335911,-0.019432753
2005,335911,-0.044634074
2006,335911,-0.02550137
2007,335911,0.015648931
2008,335911,-0.043066233
2009,335911,-0.024346501
2010,335911,0.006729931
2011,335911,0.073219717
2012,335911,-0.001291424
2013,335911,0.000549793
2014,335911,0.36347982
2015,335911,0.037595272
2001,335921,0.19521242
2002,335921,0.062491417
2003,335921,0.077620506
2004,335921,0.055219531
2005,335921,0.005493879
2006,335921,0.011334062
2007,335921,0.007846952
2008,335921,0.015517831
2009,335921,-0.007808805
2010,335921,0.037280202
2011,335921,-1.19E-07
2012,335921,0
2013,335921,1.19E-07
2014,335921,0
2015,335921,0
2001,335931,-0.005402565
2002,335931,0.00509131
2003,335931,0.006391555
2004,335931,-0.002968609
2005,335931,-0.008080989
2006,335931,0.000994861
2007,335931,-0.004390925
2008,335931,-0.011088461
2009,335931,0.047051847
2010,335931,0.001206756
2011,335931,-0.000807047
2012,335931,0.49383318
2013,335931,0
2014,335931,0
2015,335931,0
2001,336111,-0.070167243
2002,336111,-0.001808867
2003,336111,-0.002705425
2004,336111,0.001438394
2005,336111,-0.030415818
2006,336111,-0.001517266
2007,336111,-0.002651528
2008,336111,-0.007174701
2009,336111,-0.011169285
2010,336111,1.10269E-05
2011,336111,-0.006886855
2012,336111,0.000158265
2013,336111,-0.004171506
2014,336111,-0.00731419
2015,336111,0.013406202
2001,336120,0.05827415
2002,336120,0.021320611
2003,336120,0.14683315
2004,336120,0.000782371
2005,336120,-0.052675903
2006,336120,0.015626609
2007,336120,-0.13300967
2008,336120,-0.039595574
2009,336120,0.029025286
2010,336120,-0.004109561
2011,336120,0.00320065
2012,336120,0.004166782
2013,336120,-0.003827453
2014,336120,-0.027881056
2015,336120,0.012625426
2001,336211,0.027806073
2002,336211,0.17640296
2003,336211,-0.002266556
2004,336211,-0.23002964
2005,336211,0.082909316
2006,336211,-0.026477918
2007,336211,-0.004016891
2008,336211,0.022934541
2009,336211,-0.007853314
2010,336211,0.028515935
2011,336211,0.010460407
2012,336211,0.038074374
2013,336211,-0.020370722
2014,336211,-0.059307665
2015,336211,-0.043174222
2001,336212,-0.028222144
2002,336212,0.087519169
2003,336212,0.028459668
2004,336212,-0.004660487
2005,336212,0.020820737
2006,336212,0.26409304
2007,336212,0
2008,336212,0
2009,336212,0
2010,336212,0
2011,336212,-0.27444977
2012,336212,0.011553586
2013,336212,0.008294463
2014,336212,-0.001443684
2015,336212,0.25604528
2001,336214,0.001783699
2002,336214,0.04164964
2003,336214,0.024941862
2004,336214,0.00770843
2005,336214,0.044466436
2006,336214,0.059573531
2007,336214,-0.014860988
2008,336214,0.054854035
2009,336214,0.088839293
2010,336214,-0.061127305
2011,336214,0.01669538
2012,336214,-0.008264899
2013,336214,-0.051301479
2014,336214,-0.015172005
2015,336214,0.018326521
2001,336310,0.001291037
2002,336310,-0.10727242
2003,336310,-0.011453003
2004,336310,-0.003676504
2005,336310,-0.0160923
2006,336310,0.001766115
2007,336310,0.014176875
2008,336310,0.004619181
2009,336310,0.006650627
2010,336310,0.060396969
2011,336310,0.001106679
2012,336310,0.004645884
2013,336310,-0.001589865
2014,336310,0.021291405
2015,336310,-0.14288661
2001,336320,-0.006605595
2002,336320,0.004474223
2003,336320,0.005671769
2004,336320,-0.004750431
2005,336320,-0.006055892
2006,336320,0.069794685
2007,336320,-0.060512811
2008,336320,-0.020179182
2009,336320,-0.038199186
2010,336320,0.016675055
2011,336320,0.006185234
2012,336320,0.003564656
2013,336320,0.005989611
2014,336320,-0.009657711
2015,336320,0.1055738
2001,336330,-0.06026566
2002,336330,0.41469133
2003,336330,-0.014008522
2004,336330,-0.000270486
2005,336330,0.000199676
2006,336330,-0.006323457
2007,336330,-0.019364357
2008,336330,-0.003764272
2009,336330,-0.066756606
2010,336330,-0.050041199
2011,336330,0.03010273
2012,336330,-0.001139283
2013,336330,-0.050009727
2014,336330,-0.014854789
2015,336330,-0.003191352
2001,336370,-0.007867038
2002,336370,0.0548051
2003,336370,0.041980743
2004,336370,0.006055832
2005,336370,0.007127523
2006,336370,-0.044120431
2007,336370,0.31557214
2008,336370,0
2009,336370,0
2010,336370,0
2011,336370,0
2012,336370,0
2013,336370,-1.19E-07
2014,336370,1.19E-07
2015,336370,0
2001,336390,0.000629038
2002,336390,-0.005781084
2003,336390,0.002512187
2004,336390,0.012217656
2005,336390,0.001826748
2006,336390,0.000479817
2007,336390,0.006874293
2008,336390,0.00030306
2009,336390,-0.003921658
2010,336390,0.009505093
2011,336390,0.0012438
2012,336390,0.007587254
2013,336390,0.008802414
2014,336390,-0.000115618
2015,336390,-0.015399843
2001,336411,0.033007085
2002,336411,0.022471786
2003,336411,-0.23556343
2004,336411,0.020618826
2005,336411,0.014459372
2006,336411,-0.12326583
2007,336411,-0.016254991
2008,336411,-0.031531096
2009,336411,0.031920791
2010,336411,-0.005191922
2011,336411,0.003833652
2012,336411,0.033632219
2013,336411,0.008384854
2014,336411,-0.002621412
2015,336411,0.020241261
2001,336412,0.035340011
2002,336412,0.006311238
2003,336412,0.011584997
2004,336412,0.005416691
2005,336412,0.006285548
2006,336412,-0.001670241
2007,336412,0.087491393
2008,336412,-0.001544297
2009,336412,-0.000540197
2010,336412,-0.001630545
2011,336412,-0.00407052
2012,336412,-0.005435765
2013,336412,-0.000132859
2014,336412,-0.002805531
2015,336412,-0.006581783
2001,336413,-0.029626161
2002,336413,0.014790028
2003,336413,-0.010270983
2004,336413,-0.010894805
2005,336413,-0.01153183
2006,336413,-0.075870752
2007,336413,-0.003565878
2008,336413,0.014318317
2009,336413,-0.02635631
2010,336413,-0.011231154
2011,336413,-0.008082032
2012,336413,0.051228583
2013,336413,-0.008470446
2014,336413,-0.009473324
2015,336413,-0.069128454
2001,336510,0.036866963
2002,336510,0.04082495
2003,336510,-0.16091931
2004,336510,0.023564935
2005,336510,-0.24699032
2006,336510,-0.056296736
2007,336510,-0.066961884
2008,336510,-0.001265049
2009,336510,0.009391218
2010,336510,0.027336389
2011,336510,0.3035312
2012,336510,-0.070430636
2013,336510,0.011969507
2014,336510,-0.31241047
2015,336510,-0.002962083
2001,336999,0.004618049
2002,336999,0.00902161
2003,336999,0.004544824
2004,336999,0.003606826
2005,336999,0.115022
2006,336999,0.10835889
2007,336999,0.052118301
2008,336999,0.035593748
2009,336999,0.000963926
2010,336999,0.040288806
2011,336999,0.010956287
2012,336999,0.00967896
2013,336999,0.014587581
2014,336999,0.038134456
2015,336999,0.024923742
2001,337214,-0.006303936
2002,337214,-0.060484082
2003,337214,-0.001542389
2004,337214,0.012766063
2005,337214,-0.003257871
2006,337214,-0.003637254
2007,337214,0.005887687
2008,337214,0.042975157
2009,337214,0.000522107
2010,337214,0.006415635
2011,337214,-0.011731207
2012,337214,-0.001077324
2013,337214,0.010651231
2014,337214,-0.016919047
2015,337214,-0.009144336
2001,339930,-0.005201757
2002,339930,-0.010671943
2003,339930,-0.003847182
2004,339930,-0.005928695
2005,339930,-0.009894669
2006,339930,0.036070228
2007,339930,0.10299221
2008,339930,0.017118245
2009,339930,-0.022963971
2010,339930,-0.047672659
2011,339930,-0.054890424
2012,339930,-0.010383606
2013,339930,-0.003295332
2014,339930,0.009260863
2015,339930,-0.036126763
2001,423120,-0.004444063
2002,423120,-0.013326585
2003,423120,-0.006210804
2004,423120,-0.003562748
2005,423120,-0.002984226
2006,423120,-0.004532874
2007,423120,0.11755252
2008,423120,0.005961955
2009,423120,0.003336072
2010,423120,0.001097918
2011,423120,0.001939058
2012,423120,-0.32360649
2013,423120,-0.004366636
2014,423120,0.12490505
2015,423120,0.025372088
2001,423310,-0.003672719
2002,423310,0.012981623
2003,423310,0.00483489
2004,423310,0.03069824
2005,423310,0.000261068
2006,423310,-0.024555743
2007,423310,-0.020525187
2008,423310,-0.043240041
2009,423310,-0.050441444
2010,423310,-0.10415491
2011,423310,-0.013748348
2012,423310,-0.065055326
2013,423310,0.019841522
2014,423310,-0.023398057
2015,423310,0.037130624
2001,423330,0.010712266
2002,423330,-0.2939775
2003,423330,0.049977064
2004,423330,0.46181762
2005,423330,0
2006,423330,0
2007,423330,0
2008,423330,0
2009,423330,0
2010,423330,0
2011,423330,0
2012,423330,0
2013,423330,0
2014,423330,0
2015,423330,0
2001,423430,-0.032774359
2002,423430,-0.023138925
2003,423430,0.012079924
2004,423430,0.016306624
2005,423430,0.021219134
2006,423430,-0.000102013
2007,423430,0.006614119
2008,423430,-0.052065015
2009,423430,-0.002410054
2010,423430,0.004254356
2011,423430,-0.005375117
2012,423430,0.001409397
2013,423430,0.014695019
2014,423430,0.000532895
2015,423430,-0.011088848
2001,423450,-0.001955271
2002,423450,0.012539953
2003,423450,-0.020383924
2004,423450,-0.055316389
2005,423450,0.001739383
2006,423450,0.000721842
2007,423450,0.063469261
2008,423450,-0.000901133
2009,423450,-0.051914349
2010,423450,-7.63386E-05
2011,423450,0.002104744
2012,423450,0.026729479
2013,423450,-0.003290027
2014,423450,-0.004477039
2015,423450,0.11100148
2001,423510,-0.003738374
2002,423510,-0.02785404
2003,423510,-0.017179683
2004,423510,0.013451785
2005,423510,0.10356829
2006,423510,-0.068899259
2007,423510,0.000688285
2008,423510,0.091863379
2009,423510,-0.089069352
2010,423510,-0.008451805
2011,423510,-0.005042642
2012,423510,-0.01151675
2013,423510,0.034524709
2014,423510,0.007919595
2015,423510,0.036219999
2001,423610,0.000746369
2002,423610,-0.005218029
2003,423610,0.006234348
2004,423610,-0.022867173
2005,423610,-0.003506571
2006,423610,-0.013181597
2007,423610,0.00072521
2008,423610,-0.00043714
2009,423610,0.001161516
2010,423610,-0.002599746
2011,423610,0.001178205
2012,423610,0.005802542
2013,423610,0.009258151
2014,423610,0.000282556
2015,423610,0.000676841
2001,423690,-0.008384675
2002,423690,-0.041056752
2003,423690,-0.004358992
2004,423690,0.056508467
2005,423690,-0.003994033
2006,423690,0.018838763
2007,423690,-0.015602246
2008,423690,0.00749673
2009,423690,-0.021305501
2010,423690,0.033135951
2011,423690,0.051226497
2012,423690,0.073254734
2013,423690,0.001108855
2014,423690,0.006860793
2015,423690,0.003693432
2001,423710,-0.086230695
2002,423710,-0.044514507
2003,423710,0.029188544
2004,423710,-0.036987185
2005,423710,-0.018748611
2006,423710,-0.021717042
2007,423710,-0.000498056
2008,423710,0.001959264
2009,423710,0.043018758
2010,423710,-0.003260851
2011,423710,-0.010814905
2012,423710,-0.038279861
2013,423710,0.004861772
2014,423710,0.000253141
2015,423710,0.003212482
2001,423730,0.070915401
2002,423730,-0.054525018
2003,423730,0.014660001
2004,423730,-0.003061831
2005,423730,-0.007615209
2006,423730,-0.01723665
2007,423730,-0.012380362
2008,423730,-0.020444393
2009,423730,0.05025661
2010,423730,0.026198924
2011,423730,0.008321047
2012,423730,0.044048488
2013,423730,0.002653241
2014,423730,0.005649209
2015,423730,0.001527786
2001,423810,0.062987983
2002,423810,-0.01071763
2003,423810,0.005791903
2004,423810,0.006523073
2005,423810,0.017143607
2006,423810,-0.011132121
2007,423810,0.025014579
2008,423810,0.004077077
2009,423810,-0.005948484
2010,423810,-0.038070619
2011,423810,0.10893875
2012,423810,0.006172597
2013,423810,-0.007227302
2014,423810,-0.002896845
2015,423810,-0.034396827
2001,423820,0
2002,423820,0
2003,423820,0
2004,423820,-1.19E-07
2005,423820,1.19E-07
2006,423820,0
2007,423820,0
2008,423820,-1.19E-07
2009,423820,1.19E-07
2010,423820,0
2011,423820,0
2012,423820,0
2013,423820,0
2014,423820,-0.49453527
2015,423820,-0.003324091
2001,423840,0.049249768
2002,423840,0.002112448
2003,423840,0.025452018
2004,423840,0.053910106
2005,423840,0.000587553
2006,423840,0.021392524
2007,423840,-0.016195267
2008,423840,-0.043150246
2009,423840,0.011885464
2010,423840,-0.016632318
2011,423840,-0.002808929
2012,423840,-0.016037017
2013,423840,-0.006027818
2014,423840,-0.011742085
2015,423840,0.020346701
2001,423860,-0.043466836
2002,423860,0.016158462
2003,423860,0.018469334
2004,423860,-0.000992864
2005,423860,-0.002581447
2006,423860,0.35536116
2007,423860,0.029679537
2008,423860,0.014582396
2009,423860,-0.34342903
2010,423860,0.086947381
2011,423860,0.013824463
2012,423860,-0.22630805
2013,423860,-0.023101956
2014,423860,-0.034270972
2015,423860,-0.002206326
2001,423910,0.085452378
2002,423910,0.003531039
2003,423910,0.00027597
2004,423910,0.39844549
2005,423910,0
2006,423910,0
2007,423910,0
2008,423910,-0.3944242
2009,423910,-0.075366318
2010,423910,0.46979052
2011,423910,0
2012,423910,0
2013,423910,0
2014,423910,0
2015,423910,0
2001,424120,0.00205335
2002,424120,0.001459301
2003,424120,0.034315348
2004,424120,-0.023987085
2005,424120,0.035034746
2006,424120,0.019546688
2007,424120,0.007880926
2008,424120,0.046369016
2009,424120,0.04332751
2010,424120,0.003771663
2011,424120,0.004470468
2012,424120,0.00050354
2013,424120,0.34442091
2014,424120,0
2015,424120,0
2001,424210,0.009518892
2002,424210,-0.026762903
2003,424210,0.003077179
2004,424210,0.3806963
2005,424210,-0.002689123
2006,424210,-0.34271222
2007,424210,-0.002145588
2008,424210,-0.002468377
2009,424210,0.000171304
2010,424210,0.40170649
2011,424210,-0.002490878
2012,424210,0.026389718
2013,424210,0.00501895
2014,424210,-0.38103247
2015,424210,0.38341588
2001,424340,1.19E-07
2002,424340,0
2003,424340,0
2004,424340,0
2005,424340,0
2006,424340,0
2007,424340,0
2008,424340,0
2009,424340,0
2010,424340,0
2011,424340,-1.19E-07
2012,424340,1.19E-07
2013,424340,0
2014,424340,0
2015,424340,0
2001,424490,-0.019638389
2002,424490,0.006475925
2003,424490,-0.009817809
2004,424490,0.026540339
2005,424490,-0.001937777
2006,424490,0.01764673
2007,424490,-0.006881386
2008,424490,0.018877834
2009,424490,0.007931471
2010,424490,0.054018617
2011,424490,0.029080272
2012,424490,0.01879102
2013,424490,0.030829847
2014,424490,0.030229032
2015,424490,0.031960309
2001,424510,0.13598609
2002,424510,0.12501162
2003,424510,-0.29404163
2004,424510,0.014799803
2005,424510,-0.013241768
2006,424510,-0.005836099
2007,424510,0.15496975
2008,424510,0.022651255
2009,424510,0.00216049
2010,424510,0.033659756
2011,424510,0.010040462
2012,424510,0.001804471
2013,424510,0.40105259
2014,424510,1.19E-07
2015,424510,0
2001,424590,0.009473622
2002,424590,-0.044382215
2003,424590,0.026465297
2004,424590,0.38058805
2005,424590,0
2006,424590,-1.19E-07
2007,424590,1.19E-07
2008,424590,0
2009,424590,0
2010,424590,-1.19E-07
2011,424590,0
2012,424590,1.19E-07
2013,424590,-1.19E-07
2014,424590,0
2015,424590,1.19E-07
2001,424940,-0.048761606
2002,424940,-0.069047689
2003,424940,-0.037480026
2004,424940,0.053664654
2005,424940,-0.10635671
2006,424940,0.019157797
2007,424940,0.006325901
2008,424940,0.001493543
2009,424940,0.015001148
2010,424940,0.026725829
2011,424940,0.01742661
2012,424940,0.009627163
2013,424940,0.016815305
2014,424940,0.029776633
2015,424940,0.026553512
2001,441110,-0.005085468
2002,441110,-0.020258054
2003,441110,-0.00942114
2004,441110,-0.012127042
2005,441110,-0.011278152
2006,441110,-0.005886197
2007,441110,-0.004989073
2008,441110,0.004332379
2009,441110,-0.005431727
2010,441110,-0.001085162
2011,441110,-0.008178115
2012,441110,-0.002197012
2013,441110,-0.001614869
2014,441110,-0.005120397
2015,441110,-0.002504468
2001,441120,0.18453509
2002,441120,0.23232174
2003,441120,0.002255499
2004,441120,-0.001496315
2005,441120,0.004708827
2006,441120,0.009313762
2007,441120,-0.005843222
2008,441120,-0.014310122
2009,441120,0.001865566
2010,441120,0.006511927
2011,441120,-0.001118302
2012,441120,-0.025588393
2013,441120,0.032366514
2014,441120,0.002355099
2015,441120,-0.000388503
2001,441222,0.003064543
2002,441222,0.01188153
2003,441222,0.027231634
2004,441222,0.085676521
2005,441222,0.010606766
2006,441222,0.021041274
2007,441222,0.011202216
2008,441222,-0.030305266
2009,441222,-0.014039934
2010,441222,0.012913406
2011,441222,-0.002462745
2012,441222,-0.002551317
2013,441222,-0.005911112
2014,441222,-0.001217485
2015,441222,-0.000259936
2001,441310,0.017405763
2002,441310,-0.001289338
2003,441310,0.049722493
2004,441310,-0.003097177
2005,441310,-0.004486948
2006,441310,-0.003945798
2007,441310,0.003216088
2008,441310,0.042945862
2009,441310,-0.004580498
2010,441310,0.000933468
2011,441310,0.00244996
2012,441310,0.0023233
2013,441310,0.002689034
2014,441310,0.002945572
2015,441310,0.040085137
2001,442110,0.000130981
2002,442110,0.012443513
2003,442110,0.004942745
2004,442110,0.039037317
2005,442110,-0.047621042
2006,442110,-0.003130883
2007,442110,0.006839752
2008,442110,-0.004161149
2009,442110,-0.044033885
2010,442110,-0.033557862
2011,442110,-9.57102E-05
2012,442110,-0.001243591
2013,442110,0.043752208
2014,442110,0.007848069
2015,442110,0.009157807
2001,442299,0.040345579
2002,442299,0.006234705
2003,442299,0.002217978
2004,442299,0.00609988
2005,442299,0.19309175
2006,442299,0.034591794
2007,442299,0.02562356
2008,442299,0.025248408
2009,442299,0.036102235
2010,442299,0.010061324
2011,442299,-0.059821188
2012,442299,0.10123724
2013,442299,0.00169605
2014,442299,-0.047292531
2015,442299,-0.0083251
2001,443142,0.1150611
2002,443142,-0.000994682
2003,443142,0.024640918
2004,443142,0.008695781
2005,443142,-0.035248041
2006,443142,-0.011440039
2007,443142,0.007605553
2008,443142,0.007120371
2009,443142,0.023298562
2010,443142,-0.008104742
2011,443142,-0.011241019
2012,443142,-0.021797299
2013,443142,-0.015789747
2014,443142,0.046984076
2015,443142,0.033259213
2001,444110,-0.093920469
2002,444110,-0.004978269
2003,444110,0.016602278
2004,444110,0.010258108
2005,444110,-0.001380503
2006,444110,-0.002806217
2007,444110,-0.027508378
2008,444110,0.01196155
2009,444110,-0.010517985
2010,444110,0.001921564
2011,444110,-0.024504036
2012,444110,0.006784618
2013,444110,-0.004426122
2014,444110,0.011069
2015,444110,0.010430247
2001,445110,0.004939593
2002,445110,0.008580819
2003,445110,-0.011289731
2004,445110,-0.002700925
2005,445110,-0.004262634
2006,445110,0.023963742
2007,445110,0.015807331
2008,445110,0.003099531
2009,445110,-0.034294248
2010,445110,-0.005819559
2011,445110,-0.01824785
2012,445110,-0.001317546
2013,445110,-0.006703042
2014,445110,0.013414688
2015,445110,0.016487375
2001,446110,0.043534696
2002,446110,-0.036034822
2003,446110,0.056485742
2004,446110,0.006863147
2005,446110,-0.040906504
2006,446110,0.005268827
2007,446110,0.031364769
2008,446110,0.080856144
2009,446110,0.018387794
2010,446110,-0.003473103
2011,446110,-0.025933087
2012,446110,0.019352525
2013,446110,-0.001172423
2014,446110,0.039222866
2015,446110,0.003365725
2001,447110,0.006051064
2002,447110,-0.003709555
2003,447110,-0.002331168
2004,447110,0.003373206
2005,447110,0.026004463
2006,447110,-0.000215888
2007,447110,-0.003727406
2008,447110,-0.000757307
2009,447110,-0.011395305
2010,447110,-0.089268059
2011,447110,-0.057677954
2012,447110,-0.002265975
2013,447110,-0.007430524
2014,447110,0.032818124
2015,447110,0.043552577
2001,448110,0.23301491
2002,448110,0.12044752
2003,448110,-0.001564086
2004,448110,0.005687475
2005,448110,0.012341499
2006,448110,0.019803405
2007,448110,0.032782674
2008,448110,0.12876725
2009,448110,0
2010,448110,0
2011,448110,0
2012,448110,0
2013,448110,0
2014,448110,0
2015,448110,0
2001,448130,-0.08158198
2002,448130,-0.035155118
2003,448130,0.16841286
2004,448130,0.024340332
2005,448130,0.035917997
2006,448130,0.005948663
2007,448130,-0.011012256
2008,448130,-0.036097825
2009,448130,0.4707256
2010,448130,0
2011,448130,0
2012,448130,0
2013,448130,0
2014,448130,0
2015,448130,0
2001,448140,-0.001720294
2002,448140,-0.003498375
2003,448140,0.001414225
2004,448140,-2.98E-07
2005,448140,-0.003240868
2006,448140,-0.005434811
2007,448140,-0.001477718
2008,448140,-0.001041457
2009,448140,0.007477775
2010,448140,-0.001943916
2011,448140,-0.004402772
2012,448140,0.002131909
2013,448140,0.003270716
2014,448140,0.020459279
2015,448140,0.008370131
2001,448190,0.37072852
2002,448190,0.024974823
2003,448190,0.014603257
2004,448190,0.022268295
2005,448190,0.005927801
2006,448190,0.019197702
2007,448190,-0.023428142
2008,448190,0.041445076
2009,448190,-0.000504136
2010,448190,0.012142062
2011,448190,0.004530191
2012,448190,0.001702428
2013,448190,0.005051494
2014,448190,0.015805125
2015,448190,0
2001,448210,-0.006564379
2002,448210,-0.024776056
2003,448210,-0.001934245
2004,448210,-0.002590135
2005,448210,-0.006768286
2006,448210,-0.008414343
2007,448210,-0.000793174
2008,448210,0.004324868
2009,448210,-0.010274887
2010,448210,-0.005246833
2011,448210,0.032485723
2012,448210,0.060054854
2013,448210,0.002449095
2014,448210,0.002206206
2015,448210,-0.006148487
2001,451110,0.003885336
2002,451110,-0.027819864
2003,451110,0.018810354
2004,451110,0.032404199
2005,451110,-0.005780548
2006,451110,0.027306959
2007,451110,0.02356036
2008,451110,0.006254569
2009,451110,0.042131692
2010,451110,0.026424065
2011,451110,0.067471415
2012,451110,0.000519872
2013,451110,-0.002997011
2014,451110,0.028643429
2015,451110,-0.00053376
2001,451120,-0.014517009
2002,451120,-0.044769943
2003,451120,-0.024228692
2004,451120,-0.038888574
2005,451120,0.095848978
2006,451120,0.01581192
2007,451120,0.011806905
2008,451120,0.004443169
2009,451120,0.002138734
2010,451120,-0.000590205
2011,451120,0.022185624
2012,451120,-0.012462735
2013,451120,-0.020869136
2014,451120,-0.009535909
2015,451120,-0.013197899
2001,451211,-0.001197815
2002,451211,0.003737629
2003,451211,0.00987488
2004,451211,0.003445238
2005,451211,-0.000266969
2006,451211,-0.013838321
2007,451211,-0.001468599
2008,451211,-0.005488724
2009,451211,0.028680265
2010,451211,0.11094943
2011,451211,0.20373499
2012,451211,-0.20378119
2013,451211,-0.010173708
2014,451211,-0.0160411
2015,451211,-0.038232267
2001,452210,0.000102907
2002,452210,-0.006974846
2003,452210,-0.063669056
2004,452210,-0.000861079
2005,452210,0.008841336
2006,452210,0.007184655
2007,452210,-0.001076907
2008,452210,-0.001161128
2009,452210,0.000475526
2010,452210,0.002656281
2011,452210,-0.02448985
2012,452210,0.007673889
2013,452210,-0.002468377
2014,452210,-0.014779925
2015,452210,-0.013455287
2001,452311,1.19E-07
2002,452311,0
2003,452311,0
2004,452311,0
2005,452311,0
2006,452311,0
2007,452311,0
2008,452311,0
2009,452311,0
2010,452311,0
2011,452311,-0.032527566
2012,452311,0.002902627
2013,452311,0.001118541
2014,452311,0.000478387
2015,452311,-0.001951218
2001,452319,0.003321171
2002,452319,0.003656507
2003,452319,-0.010724068
2004,452319,0.017269373
2005,452319,-0.007423997
2006,452319,-0.006025493
2007,452319,0.001230896
2008,452319,0.01591593
2009,452319,-0.010855079
2010,452319,-0.015770197
2011,452319,0.00203234
2012,452319,-0.009110272
2013,452319,-0.00126785
2014,452319,0.003981113
2015,452319,-0.018585026
2001,453998,0.00804475
2002,453998,0.016166031
2003,453998,0.055121273
2004,453998,0.03452158
2005,453998,0.033997804
2006,453998,0.002465218
2007,453998,0.023628891
2008,453998,0.022379547
2009,453998,0.024132311
2010,453998,0.12069809
2011,453998,0.005708873
2012,453998,0.049623072
2013,453998,0.14252251
2014,453998,-0.075256765
2015,453998,-0.001414001
2001,481211,-0.012359887
2002,481211,6.24657E-05
2003,481211,0.001490206
2004,481211,0.007383674
2005,481211,-0.004810035
2006,481211,-0.086611599
2007,481211,0.29939449
2008,481211,-0.003164828
2009,481211,0.012400568
2010,481211,-0.11701599
2011,481211,-0.12550056
2012,481211,-0.008278787
2013,481211,-0.014535844
2014,481211,0.00116849
2015,481211,-0.001630813
2001,483112,0.010993421
2002,483112,-0.005682677
2003,483112,0.039337367
2004,483112,0.014706939
2005,483112,0.00597468
2006,483112,0.004996806
2007,483112,-0.011505693
2008,483112,-0.004122704
2009,483112,-0.00060904
2010,483112,-0.048897684
2011,483112,-0.002041996
2012,483112,-0.000603139
2013,483112,-0.007845491
2014,483112,-0.007805258
2015,483112,-0.014236808
2001,483113,-0.009097308
2002,483113,0.010773152
2003,483113,-0.099100709
2004,483113,0.017354071
2005,483113,0.038796335
2006,483113,0.004011959
2007,483113,-0.005876929
2008,483113,-0.008364767
2009,483113,-0.001528382
2010,483113,0.21052885
2011,483113,-0.01592344
2012,483113,-0.01840651
2013,483113,0.029862344
2014,483113,0.007542312
2015,483113,0.053589344
2001,483211,0.019884229
2002,483211,0.43521357
2003,483211,-0.20511329
2004,483211,-0.054609418
2005,483211,0.016261399
2006,483211,0.013792336
2007,483211,0.00203073
2008,483211,0.007093191
2009,483211,0.22054505
2010,483211,0
2011,483211,0
2012,483211,0
2013,483211,0
2014,483211,0
2015,483211,0
2001,484121,0.045245379
2002,484121,0.035764694
2003,484121,-0.074136347
2004,484121,-0.001450241
2005,484121,0.032734841
2006,484121,-0.021659791
2007,484121,0.033335268
2008,484121,0.017832696
2009,484121,0.031453311
2010,484121,0.018166661
2011,484121,-0.018084466
2012,484121,0.006003618
2013,484121,0.028547406
2014,484121,0.023936749
2015,484121,0.010012388
2001,512131,0.037647963
2002,512131,0.12931889
2003,512131,0.08655113
2004,512131,-0.1198816
2005,512131,0.097360611
2006,512131,0.17511764
2007,512131,-0.2379728
2008,512131,-0.006147414
2009,512131,0.072217882
2010,512131,-0.055229187
2011,512131,0.002321601
2012,512131,0.15497041
2013,512131,-0.23698688
2014,512131,0.21414322
2015,512131,0.01027745
2001,518210,0.016441599
2002,518210,-0.003813222
2003,518210,-0.023919597
2004,518210,0.007855341
2005,518210,-0.040768757
2006,518210,-0.032589749
2007,518210,-0.011713542
2008,518210,0.000216514
2009,518210,0.004762143
2010,518210,0.005175062
2011,518210,0.001101174
2012,518210,-0.00554084
2013,518210,-0.015794232
2014,518210,-0.011465795
2015,518210,-0.000288188
2001,541211,0
2002,541211,0
2003,541211,0
2004,541211,0
2005,541211,0
2006,541211,0
2007,541211,0
2008,541211,0
2009,541211,0
2010,541211,-1.19E-07
2011,541211,1.19E-07
2012,541211,0
2013,541211,-1.19E-07
2014,541211,1.19E-07
2015,541211,0
2001,541330,0.007467836
2002,541330,0.030125856
2003,541330,-0.010241628
2004,541330,-0.006794378
2005,541330,-0.034470811
2006,541330,0.003592983
2007,541330,0.001452759
2008,541330,0.039080083
2009,541330,0.000875548
2010,541330,-0.017377347
2011,541330,-0.006528154
2012,541330,0.004874811
2013,541330,-0.002514377
2014,541330,-0.008597538
2015,541330,-0.002661347
2001,541611,0.009074032
2002,541611,0.23275137
2003,541611,-0.016493082
2004,541611,-0.022699952
2005,541611,0.00565064
2006,541611,-0.00015378
2007,541611,0.005931497
2008,541611,0.043740153
2009,541611,0.11722445
2010,541611,0.054053903
2011,541611,0.013849378
2012,541611,-0.002912939
2013,541611,-0.01020062
2014,541611,-0.001478672
2015,541611,-0.011474967
2001,541612,-0.32651389
2002,541612,-0.002178073
2003,541612,-0.041863114
2004,541612,0.37397376
2005,541612,-0.022706985
2006,541612,0.040787697
2007,541612,-0.010972857
2008,541612,0.008776784
2009,541612,-0.012872219
2010,541612,-0.016922414
2011,541612,0.007736802
2012,541612,-0.006100178
2013,541612,-0.010077
2014,541612,-0.024930179
2015,541612,-0.007722259
2001,541620,0.066746742
2002,541620,0.066959411
2003,541620,0.005506575
2004,541620,0.025915325
2005,541620,-0.060734987
2006,541620,-0.07641682
2007,541620,-0.049262702
2008,541620,0.017249078
2009,541620,0.004289746
2010,541620,-0.03113839
2011,541620,0.003546119
2012,541620,0.13314477
2013,541620,0.033783793
2014,541620,-0.001011908
2015,541620,-0.015829861
2001,541714,0.031115532
2002,541714,0.048329353
2003,541714,0.031525612
2004,541714,0.13491511
2005,541714,-1.19E-07
2006,541714,1.19E-07
2007,541714,0
2008,541714,0
2009,541714,0
2010,541714,0
2011,541714,0
2012,541714,0
2013,541714,-1.19E-07
2014,541714,1.19E-07
2015,541714,0
2001,541860,-0.015885323
2002,541860,-0.002175063
2003,541860,0.000274092
2004,541860,0.0190157
2005,541860,0.000467837
2006,541860,-9.41157E-05
2007,541860,0.49515009
2008,541860,0
2009,541860,0
2010,541860,0
2011,541860,0
2012,541860,0
2013,541860,-1.19E-07
2014,541860,1.19E-07
2015,541860,-1.19E-07
2001,541940,0
2002,541940,0
2003,541940,0
2004,541940,0
2005,541940,0
2006,541940,0
2007,541940,0
2008,541940,-0.096345365
2009,541940,0.007868826
2010,541940,0.088476539
2011,541940,0
2012,541940,0
2013,541940,-1.19E-07
2014,541940,1.19E-07
2015,541940,0
2001,561320,0.018967122
2002,561320,0.019229412
2003,561320,0.022255674
2004,561320,0.009765282
2005,561320,-0.023061857
2006,561320,0.017719984
2007,561320,0.003611416
2008,561320,0.011167064
2009,561320,0.020995349
2010,561320,0.037119061
2011,561320,0.033062339
2012,561320,-0.035578787
2013,561320,-0.01744917
2014,561320,0.001179606
2015,561320,-0.031918138
2001,561613,0
2002,561613,0
2003,561613,0
2004,561613,-1.19E-07
2005,561613,1.19E-07
2006,561613,0
2007,561613,0
2008,561613,0
2009,561613,0
2010,561613,0
2011,561613,0
2012,561613,0
2013,561613,0
2014,561613,0
2015,561613,-1.19E-07
2001,561720,0.008587122
2002,561720,0.008972585
2003,561720,-0.032036662
2004,561720,-0.015655518
2005,561720,-0.002724469
2006,561720,0.073568285
2007,561720,0.040674746
2008,561720,0.020159066
2009,561720,-0.053274214
2010,561720,-0.01850158
2011,561720,0.085534871
2012,561720,-0.034139931
2013,561720,0.008968175
2014,561720,-0.013815165
2015,561720,-0.025479853
2001,562111,-0.023788363
2002,562111,-0.010215938
2003,562111,-0.007641822
2004,562111,-0.002982438
2005,562111,-0.020226568
2006,562111,-0.009695828
2007,562111,-0.004826576
2008,562111,0.1322408
2009,562111,-0.082876444
2010,562111,0.006899357
2011,562111,-0.008396834
2012,562111,0.006904602
2013,562111,-0.008699507
2014,562111,-0.038511455
2015,562111,-0.009912968
2001,562920,0
2002,562920,0
2003,562920,0
2004,562920,0
2005,562920,0
2006,562920,-1.19E-07
2007,562920,1.19E-07
2008,562920,0
2009,562920,0
2010,562920,-1.19E-07
2011,562920,0
2012,562920,1.19E-07
2013,562920,-1.19E-07
2014,562920,1.19E-07
2015,562920,0
2001,621340,-0.001593471
2002,621340,0.016045094
2003,621340,0.022390604
2004,621340,-0.18909165
2005,621340,0.13793167
2006,621340,-0.001297236
2007,621340,-0.00044173
2008,621340,0.49961358
2009,621340,-1.19E-07
2010,621340,1.19E-07
2011,621340,0
2012,621340,0
2013,621340,0
2014,621340,0
2015,621340,0
2001,621492,0.040361732
2002,621492,-0.021234006
2003,621492,-0.002485961
2004,621492,-0.01717788
2005,621492,-0.020607322
2006,621492,0.08871749
2007,621492,0.007254541
2008,621492,0.001681566
2009,621492,-0.002835095
2010,621492,0.008193851
2011,621492,-0.00271672
2012,621492,-0.010594428
2013,621492,-0.026777804
2014,621492,-0.019067198
2015,621492,-0.002547681
2001,621511,-0.009635419
2002,621511,0.05832243
2003,621511,0.022036195
2004,621511,-0.004638284
2005,621511,0.047663182
2006,621511,-0.002203107
2007,621511,0.047511458
2008,621511,-0.008710742
2009,621511,-0.005782843
2010,621511,0.002436042
2011,621511,-0.035500228
2012,621511,-0.00226137
2013,621511,-0.006594122
2014,621511,-0.002905041
2015,621511,0.032560498
2001,621512,0.024956971
2002,621512,-0.13098428
2003,621512,-0.036096215
2004,621512,-0.056002915
2005,621512,-0.009370551
2006,621512,0.025991231
2007,621512,0.051472202
2008,621512,0.01029107
2009,621512,-0.002902359
2010,621512,0.016055524
2011,621512,0.12245759
2012,621512,0.003120959
2013,621512,0.006426007
2014,621512,-0.011502355
2015,621512,0.008340627
2001,621610,-0.000255406
2002,621610,-0.057076775
2003,621610,0.01246693
2004,621610,0.003269121
2005,621610,0.008452818
2006,621610,0.004519522
2007,621610,-0.003480196
2008,621610,0.015228137
2009,621610,-0.002545163
2010,621610,0.012124524
2011,621610,0.019905165
2012,621610,0.004855618
2013,621610,-0.036463097
2014,621610,0.011938244
2015,621610,-0.000263944
2001,622310,0
2002,622310,-1.19E-07
2003,622310,1.19E-07
2004,622310,0
2005,622310,0
2006,622310,-0.031165838
2007,622310,-0.35673988
2008,622310,0.006437957
2009,622310,-0.021398962
2010,622310,-0.056465328
2011,622310,-0.027735114
2012,622310,-0.000878572
2013,622310,-0.002327859
2014,622310,-0.001663685
2015,622310,-0.006732822
2001,623311,1.19E-07
2002,623311,0
2003,623311,0
2004,623311,-0.47826731
2005,623311,-0.15266484
2006,623311,0.004718125
2007,623311,0.008763135
2008,623311,-0.007144213
2009,623311,0.001103491
2010,623311,0.62349164
2011,623311,0
2012,623311,0
2013,623311,-0.33611643
2014,623311,0.034149766
2015,623311,0.040675461
2001,623312,0.00332883
2002,623312,0.022593722
2003,623312,0.25284457
2004,623312,-0.022087514
2005,623312,0.006782115
2006,623312,0.13438952
2007,623312,-0.05130744
2008,623312,-0.042482674
2009,623312,-0.038475007
2010,623312,-0.018891126
2011,623312,-0.022910863
2012,623312,0.30553302
2013,623312,0.018839419
2014,623312,0.25411296
2015,623312,0
2001,721120,0.013703905
2002,721120,-0.011305653
2003,721120,0.002571747
2004,721120,0.021923475
2005,721120,0.058497131
2006,721120,0.037752211
2007,721120,-0.009952366
2008,721120,-0.02454634
2009,721120,-0.016590431
2010,721120,-0.010993555
2011,721120,-0.008868218
2012,721120,0.000817612
2013,721120,0.019195601
2014,721120,-0.004287869
2015,721120,0.003838718
2001,722310,-0.39485446
2002,722310,0.009992033
2003,722310,0.44301522
2004,722310,-0.002998352
2005,722310,0.007993698
2006,722310,0.012152314
2007,722310,0.010726571
2008,722310,0.053408146
2009,722310,1.19E-07
2010,722310,0
2011,722310,0
2012,722310,-1.19E-07
2013,722310,1.19E-07
2014,722310,-1.19E-07
2015,722310,1.19E-07
2001,722513,0.006870091
2002,722513,-0.006062269
2003,722513,-0.004496932
2004,722513,-0.043794036
2005,722513,-0.007650882
2006,722513,-0.004172966
2007,722513,-0.011787236
2008,722513,-0.003139451
2009,722513,0.00394915
2010,722513,0.00481379
2011,722513,0.009062916
2012,722513,0.008719429
2013,722513,-0.009316444
2014,722513,0.005840272
2015,722513,-0.03857179
2001,722514,1.19E-07
2002,722514,0
2003,722514,0
2004,722514,0
2005,722514,0
2006,722514,0
2007,722514,0
2008,722514,0
2009,722514,0
2010,722514,0
2011,722514,0
2012,722514,-0.037480712
2013,722514,-0.001618505
2014,722514,0.00013113
2015,722514,-0.006166458
2001,812930,-0.20601854
2002,812930,0.19010714
2003,812930,-0.005052447
2004,812930,0.017816305
2005,812930,-0.010797799
2006,812930,-0.007496178
2007,812930,0.45692444
2008,812930,0
2009,812930,0
2010,812930,0
2011,812930,0
2012,812930,0
2013,812930,-1.19E-07
2014,812930,1.19E-07
2015,812930,-1.19E-07
