year,naics_4,dmarkup
2001,111339,0.011806071
2002,111339,0.010951996
2003,111339,-0.018639982
2004,111339,-0.025249958
2005,111339,-0.009340882
2006,111339,-0.031656563
2007,111339,0.004789174
2008,111339,0.005047619
2009,111339,0.012387991
2010,111339,-0.017420828
2011,111339,0.004485548
2012,111339,-0.004397035
2013,111339,-0.0031358
2014,111339,0.001562417
2015,111339,-0.009805024
2001,212313,-0.03929925
2002,212313,-0.02223742
2003,212313,0.005005598
2004,212313,0.02308023
2005,212313,0.020459294
2006,212313,0.039277792
2007,212313,0.050322413
2008,212313,-0.048873425
2009,212313,-0.001889825
2010,212313,-0.038741589
2011,212313,-0.009549618
2012,212313,-0.049201965
2013,212313,0.004937291
2014,212313,0.015078664
2015,212313,0.042073846
2001,221118,0.044515252
2002,221118,0.003992319
2003,221118,0.004466534
2004,221118,0.073915362
2005,221118,-0.017581224
2006,221118,-0.020628214
2007,221118,0.042299986
2008,221118,0.025477886
2009,221118,0.041085124
2010,221118,0.029487014
2011,221118,-0.087719321
2012,221118,0.005509853
2013,221118,-0.056590676
2014,221118,-0.038914919
2015,221118,-0.031283498
2001,236210,-0.000713944
2002,236210,-0.00047493
2003,236210,0.009897471
2004,236210,0.011772752
2005,236210,0.001215577
2006,236210,-0.021981478
2007,236210,0.024122477
2008,236210,0.018431902
2009,236210,-0.022949696
2010,236210,0.008921385
2011,236210,0.011392236
2012,236210,0.012272477
2013,236210,-0.004044533
2014,236210,0.015813708
2015,236210,-0.000553489
2001,237120,-0.030623913
2002,237120,-0.00771296
2003,237120,-0.005027056
2004,237120,-0.014283776
2005,237120,0.012451172
2006,237120,0.018600583
2007,237120,-0.053891182
2008,237120,0.03039825
2009,237120,0.046220899
2010,237120,0.025086284
2011,237120,0.010682106
2012,237120,-0.03297472
2013,237120,-0.045712233
2014,237120,-0.021449208
2015,237120,0.020723939
2001,237310,0.008600831
2002,237310,0.02265048
2003,237310,-0.006399274
2004,237310,0.000960231
2005,237310,0.023307443
2006,237310,-0.017405152
2007,237310,0.002806902
2008,237310,0.025703311
2009,237310,-0.013767838
2010,237310,-0.074425936
2011,237310,0.024135232
2012,237310,0.00062108
2013,237310,-0.035326719
2014,237310,0.027631044
2015,237310,0.010755301
2001,237990,0.033789635
2002,237990,-0.037014484
2003,237990,-0.04018712
2004,237990,-0.019727468
2005,237990,-0.008622766
2006,237990,0.01276505
2007,237990,0.013967872
2008,237990,-0.027506709
2009,237990,0.009469986
2010,237990,0.015908599
2011,237990,-0.045220375
2012,237990,-0.047971606
2013,237990,0.060201168
2014,237990,-0.003723979
2015,237990,-0.028272629
2001,238210,0.001371622
2002,238210,-0.037661195
2003,238210,-0.014268279
2004,238210,-0.014934182
2005,238210,0.015452027
2006,238210,0.016635418
2007,238210,0.011551142
2008,238210,0.019321799
2009,238210,0.022207141
2010,238210,-0.022301435
2011,238210,-0.017749548
2012,238210,0.013186574
2013,238210,0.006091476
2014,238210,0.006943703
2015,238210,-0.024960399
2001,238220,-0.006041408
2002,238220,-0.014764786
2003,238220,-0.019281268
2004,238220,0.004746556
2005,238220,0.004261375
2006,238220,-0.000945926
2007,238220,0.024664402
2008,238220,0.035326242
2009,238220,0.006534457
2010,238220,-0.038637519
2011,238220,-0.031686306
2012,238220,0.015168667
2013,238220,0.025339723
2014,238220,0.003010988
2015,238220,0.037611246
2001,311221,0.048294306
2002,311221,-0.056708813
2003,311221,0.018431306
2004,311221,-0.01164484
2005,311221,-0.017440081
2006,311221,0.022817254
2007,311221,-0.006784797
2008,311221,-0.009113669
2009,311221,-0.053977132
2010,311221,0.030860305
2011,311221,-0.001553416
2012,311221,0.004840612
2013,311221,-0.016435981
2014,311221,0.041567326
2015,311221,0.053075433
2001,311313,-0.06812942
2002,311313,0.020274639
2003,311313,-0.008253098
2004,311313,-0.02424264
2005,311313,-0.004819751
2006,311313,-0.019593835
2007,311313,0.01109314
2008,311313,0.010011196
2009,311313,-0.037363768
2010,311313,-0.01736927
2011,311313,-0.015465617
2012,311313,-0.001531243
2013,311313,-0.006030083
2014,311313,-0.06744206
2015,311313,-0.018525481
2001,311511,-0.014557004
2002,311511,0.029880762
2003,311511,-0.006876946
2004,311511,-0.039114594
2005,311511,0.015476465
2006,311511,0.043187499
2007,311511,-0.072155356
2008,311511,0.006165862
2009,311511,0.078091979
2010,311511,-0.053634763
2011,311511,0.011598825
2012,311511,0.047018051
2013,311511,-0.045468211
2014,311511,-0.031700134
2015,311511,0.090570211
2001,311613,0.021222949
2002,311613,0.042038202
2003,311613,-0.032153606
2004,311613,0.010976911
2005,311613,-0.04641664
2006,311613,-0.017359972
2007,311613,0.049234033
2008,311613,-0.018301487
2009,311613,0.041505933
2010,311613,-0.000527382
2011,311613,0.022934675
2012,311613,-0.031138778
2013,311613,-0.012238503
2014,311613,-0.090100169
2015,311613,-0.002326727
2001,311911,-0.019414186
2002,311911,-0.039529085
2003,311911,0.041147709
2004,311911,-0.013777614
2005,311911,-0.058878064
2006,311911,-0.079365492
2007,311911,0.05444181
2008,311911,0.065532446
2009,311911,0.00308907
2010,311911,0.037126184
2011,311911,-0.052995563
2012,311911,0.025730133
2013,311911,0.004910946
2014,311911,-0.016443849
2015,311911,-0.018727183
2001,311942,0.075017214
2002,311942,-0.093262792
2003,311942,0.067499638
2004,311942,0.000916481
2005,311942,0.00679493
2006,311942,0.036239028
2007,311942,-0.023410201
2008,311942,-0.015658736
2009,311942,0.032977104
2010,311942,0.024229527
2011,311942,-0.049414992
2012,311942,-0.026617289
2013,311942,0.002615929
2014,311942,0.005334497
2015,311942,-0.005396843
2001,313110,-0.042143345
2002,313110,0.010858655
2003,313110,0.006502628
2004,313110,-0.033133149
2005,313110,-0.039940178
2006,313110,0.025165498
2007,313110,-0.008848012
2008,313110,0.020169497
2009,313110,-0.022710204
2010,313110,0.057382286
2011,313110,-0.025418997
2012,313110,-0.030204415
2013,313110,0.024626851
2014,313110,0.013451099
2015,313110,0.013629436
2001,313210,0.006449461
2002,313210,0.032813072
2003,313210,0.081219673
2004,313210,0.058883071
2005,313210,0.003197432
2006,313210,-0.052893639
2007,313210,-0.046476007
2008,313210,-0.003042221
2009,313210,0.066180348
2010,313210,0.014306903
2011,313210,-0.008927345
2012,313210,0.022523761
2013,313210,-0.016989708
2014,313210,0.030916691
2015,313210,0.033641934
2001,314110,-0.015747905
2002,314110,0.028755546
2003,314110,-0.002545714
2004,314110,0.004820585
2005,314110,-0.017414927
2006,314110,0.035334945
2007,314110,0.012464046
2008,314110,-0.02638495
2009,314110,-0.002963543
2010,314110,0.043645263
2011,314110,-0.025180101
2012,314110,-0.000193834
2013,314110,0.00318253
2014,314110,0.008788109
2015,314110,0.054448605
2001,315220,0.005374074
2002,315220,0.028294206
2003,315220,-0.008970976
2004,315220,0.062641978
2005,315220,0.037883878
2006,315220,0.03330338
2007,315220,-0.001583219
2008,315220,0.031345963
2009,315220,0.014132142
2010,315220,0.060571432
2011,315220,-0.050302982
2012,315220,-0.008785248
2013,315220,0.042012453
2014,315220,-0.020936728
2015,315220,0.008086801
2001,315240,-0.016684413
2002,315240,0.048762798
2003,315240,0.015657425
2004,315240,-0.033172011
2005,315240,0.016257882
2006,315240,0.038349271
2007,315240,0.068266988
2008,315240,0.032041311
2009,315240,0.041786075
2010,315240,0.061966419
2011,315240,0.064838648
2012,315240,0.000338435
2013,315240,-0.012417674
2014,315240,-0.061308503
2015,315240,-0.037678361
2001,315280,-0.03471446
2002,315280,0.048606277
2003,315280,0.09536612
2004,315280,0.045783639
2005,315280,0.005226255
2006,315280,0.022255778
2007,315280,-0.011507988
2008,315280,0.021560192
2009,315280,-0.043892741
2010,315280,0.077033401
2011,315280,-0.066909909
2012,315280,-0.09454298
2013,315280,0.027361155
2014,315280,-0.047659874
2015,315280,-0.05359447
2001,315990,-0.018634915
2002,315990,-0.011105895
2003,315990,-0.00601387
2004,315990,-0.014140725
2005,315990,0.01371944
2006,315990,-0.002527237
2007,315990,0.048411489
2008,315990,-0.03847158
2009,315990,0.04661715
2010,315990,0.017223477
2011,315990,-0.066675663
2012,315990,-0.004140854
2013,315990,-0.045270681
2014,315990,0.075396895
2015,315990,0.04020381
2001,316210,0.006846428
2002,316210,0.029358149
2003,316210,0.033857346
2004,316210,0.028336406
2005,316210,-0.008798122
2006,316210,-0.001400352
2007,316210,0.035609484
2008,316210,-0.027525783
2009,316210,0.040249467
2010,316210,-0.009879112
2011,316210,-0.071213007
2012,316210,0.012761593
2013,316210,0.028508663
2014,316210,0.024161935
2015,316210,0.002554655
2001,321211,-0.009504139
2002,321211,0.053239405
2003,321211,-0.013121545
2004,321211,0.000468612
2005,321211,-0.003028691
2006,321211,0.006008744
2007,321211,0.004344046
2008,321211,-0.022350132
2009,321211,-0.002895415
2010,321211,0.002435207
2011,321211,0.037973523
2012,321211,0.016474307
2013,321211,0.014058888
2014,321211,0.017017126
2015,321211,0.014551699
2001,321992,0.013156891
2002,321992,-0.029118359
2003,321992,-0.021773756
2004,321992,0.050906539
2005,321992,0.014102221
2006,321992,0.004701495
2007,321992,-0.02495575
2008,321992,-0.011997044
2009,321992,-0.019553542
2010,321992,-0.01641494
2011,321992,0.037160695
2012,321992,-0.002577841
2013,321992,0.024571896
2014,321992,0.009994507
2015,321992,0.069048285
2001,322121,0.015622377
2002,322121,-0.066370964
2003,322121,-0.015821934
2004,322121,0.013188243
2005,322121,0.009202123
2006,322121,-0.005746961
2007,322121,-0.02998805
2008,322121,-0.036720276
2009,322121,0.023228168
2010,322121,0.006226659
2011,322121,0.088050842
2012,322121,-0.009579778
2013,322121,-0.021918774
2014,322121,0.010871291
2015,322121,-0.005575895
2001,322130,-0.033409595
2002,322130,-0.013422847
2003,322130,-0.026076317
2004,322130,0.005301118
2005,322130,-0.017645359
2006,322130,0.011695147
2007,322130,-0.001698852
2008,322130,-0.029775739
2009,322130,0.034754515
2010,322130,0.002256155
2011,322130,0.026997209
2012,322130,-0.012256861
2013,322130,0.00816083
2014,322130,0.030679941
2015,322130,-0.01019001
2001,322211,-0.021793008
2002,322211,-0.019844294
2003,322211,-0.023900628
2004,322211,-0.013935447
2005,322211,-0.01537776
2006,322211,0.043403387
2007,322211,0.034350157
2008,322211,-0.007340074
2009,322211,0.065240622
2010,322211,-0.017912269
2011,322211,-0.029143214
2012,322211,0.001117587
2013,322211,0.036512613
2014,322211,0.009959221
2015,322211,-0.00244844
2001,322212,-0.036834121
2002,322212,0.002888441
2003,322212,0.020323157
2004,322212,0.001703382
2005,322212,-0.04938066
2006,322212,-0.010475755
2007,322212,0.026293397
2008,322212,-0.029672265
2009,322212,0.025710225
2010,322212,0.015164137
2011,322212,0.004288197
2012,322212,0.014285803
2013,322212,-0.003276587
2014,322212,0.032765031
2015,322212,0.010412931
2001,322219,-0.01962626
2002,322219,-0.011362672
2003,322219,-0.025797486
2004,322219,-0.009724975
2005,322219,-0.00316
2006,322219,-0.000799298
2007,322219,0.001475334
2008,322219,-0.007431746
2009,322219,0.013650656
2010,322219,0.007126808
2011,322219,-0.010671258
2012,322219,0.002943873
2013,322219,0.008418798
2014,322219,0.000851989
2015,322219,0.009317637
2001,322220,-0.016045213
2002,322220,0.004821062
2003,322220,-0.001874447
2004,322220,0.016622066
2005,322220,0.008862376
2006,322220,-0.026454568
2007,322220,-0.031065106
2008,322220,-0.020893097
2009,322220,0.011319876
2010,322220,0.002169132
2011,322220,-0.016085148
2012,322220,0.035732627
2013,322220,0.01529634
2014,322220,0.020158172
2015,322220,0.04262042
2001,322230,-0.052660823
2002,322230,0.004897952
2003,322230,0.000379205
2004,322230,0.001932621
2005,322230,-0.005664945
2006,322230,-0.005897522
2007,322230,0.023006082
2008,322230,0.004323602
2009,322230,-0.027279258
2010,322230,-0.002778649
2011,322230,-0.002750039
2012,322230,-0.002731681
2013,322230,-0.028087497
2014,322230,-0.009232998
2015,322230,0.007206202
2001,323111,-0.018810868
2002,323111,0.000151038
2003,323111,-0.008385301
2004,323111,0.010182023
2005,323111,-0.039590597
2006,323111,0.002956152
2007,323111,0.002173781
2008,323111,0.021240473
2009,323111,0.009101033
2010,323111,0.028820634
2011,323111,-0.007497311
2012,323111,-0.011780739
2013,323111,-0.007286906
2014,323111,-0.029881835
2015,323111,0.00993824
2001,324110,-0.036780477
2002,324110,-0.038398743
2003,324110,0.034109116
2004,324110,0.001435757
2005,324110,0.061965227
2006,324110,-0.015521169
2007,324110,-0.000217795
2008,324110,-0.035474896
2009,324110,0.011264086
2010,324110,-0.011031985
2011,324110,-0.013202548
2012,324110,-0.02119422
2013,324110,-0.013509989
2014,324110,0.000585437
2015,324110,-0.017579913
2001,324122,-0.013264418
2002,324122,0.017635107
2003,324122,0.004898787
2004,324122,0.01643908
2005,324122,0.00287497
2006,324122,-0.010246396
2007,324122,0.020934224
2008,324122,0.011970878
2009,324122,-0.042571187
2010,324122,0.000861406
2011,324122,0.003492594
2012,324122,0.063552022
2013,324122,0.01173377
2014,324122,-0.001356006
2015,324122,0.061255574
2001,325120,-0.014464498
2002,325120,0.046906471
2003,325120,-0.040014625
2004,325120,-0.001547933
2005,325120,-0.035339475
2006,325120,-0.094597936
2007,325120,0.0217309
2008,325120,-0.009060264
2009,325120,0.065586329
2010,325120,0.002195835
2011,325120,-0.01436317
2012,325120,-0.000485778
2013,325120,0.011006951
2014,325120,0.004083872
2015,325120,0.044086099
2001,325199,-0.018548846
2002,325199,0.009323239
2003,325199,0.017121792
2004,325199,0.044914007
2005,325199,-0.023943186
2006,325199,-0.017996788
2007,325199,0.011948347
2008,325199,-0.041772246
2009,325199,-0.000275373
2010,325199,0.02169168
2011,325199,0.010919571
2012,325199,-0.004919291
2013,325199,0.052329779
2014,325199,0.026305199
2015,325199,0.01777482
2001,325211,-0.058330655
2002,325211,0.004767656
2003,325211,-0.014454603
2004,325211,0.022270322
2005,325211,0.033108473
2006,325211,-0.022929788
2007,325211,-0.026076674
2008,325211,-0.033370614
2009,325211,0.032431006
2010,325211,0.029389858
2011,325211,-0.011735797
2012,325211,0.004698038
2013,325211,0.011082768
2014,325211,0.007662892
2015,325211,0.053457499
2001,325212,-0.032098413
2002,325212,0.026560068
2003,325212,-0.077451944
2004,325212,-0.004963756
2005,325212,0.022454739
2006,325212,-0.016764045
2007,325212,-0.010269284
2008,325212,-0.041107655
2009,325212,0.022516131
2010,325212,0.009792209
2011,325212,0.005618691
2012,325212,0.0252316
2013,325212,-0.05356586
2014,325212,0.003705382
2015,325212,0.011605024
2001,325320,0.028790712
2002,325320,-0.032869101
2003,325320,-0.018128633
2004,325320,0.000605941
2005,325320,0.025536656
2006,325320,-0.012010813
2007,325320,0.052385449
2008,325320,0.008007407
2009,325320,-0.008344412
2010,325320,0.053183675
2011,325320,-0.00374341
2012,325320,0.031388879
2013,325320,-0.017054439
2014,325320,-0.015377045
2015,325320,-0.000175476
2001,325520,-0.032534003
2002,325520,-0.012093663
2003,325520,-0.011454701
2004,325520,0.000194192
2005,325520,-0.005311132
2006,325520,0.029350996
2007,325520,0.030632854
2008,325520,-0.041677952
2009,325520,0.031470418
2010,325520,0.003453612
2011,325520,-0.003921986
2012,325520,0.001737237
2013,325520,0.003596783
2014,325520,-0.007154107
2015,325520,0.007112861
2001,325611,-0.003424287
2002,325611,0.001849175
2003,325611,0.02018714
2004,325611,0.050464392
2005,325611,-0.0125072
2006,325611,0.036264777
2007,325611,0.070905089
2008,325611,-0.033457994
2009,325611,0.004116774
2010,325611,0.04763937
2011,325611,-0.056831837
2012,325611,-0.011879921
2013,325611,0.007508755
2014,325611,-0.017591
2015,325611,0.023236513
2001,325612,-0.027093887
2002,325612,0.023376465
2003,325612,0.067676306
2004,325612,0.001884937
2005,325612,-0.037742853
2006,325612,-0.0011971
2007,325612,0.019426823
2008,325612,-0.042923212
2009,325612,0.022138715
2010,325612,0.028724194
2011,325612,-0.033257246
2012,325612,-0.021925569
2013,325612,0.014018059
2014,325612,0.016817093
2015,325612,0.04592514
2001,325613,-0.012348652
2002,325613,0.014473081
2003,325613,-0.032449067
2004,325613,-0.022133589
2005,325613,-0.008415759
2006,325613,-0.005536318
2007,325613,0.000463843
2008,325613,-0.000221133
2009,325613,0.083300591
2010,325613,-0.017432451
2011,325613,-0.023310959
2012,325613,0.028903782
2013,325613,-0.012648523
2014,325613,-0.016634703
2015,325613,0.053549349
2001,325992,-0.022585034
2002,325992,-0.029098868
2003,325992,0.008131862
2004,325992,-0.023049474
2005,325992,0.04468143
2006,325992,0.007424831
2007,325992,0.000672936
2008,325992,-0.066495776
2009,325992,0.056153655
2010,325992,-0.014196157
2011,325992,-0.049335599
2012,325992,-0.049924016
2013,325992,-0.033811331
2014,325992,-0.008870721
2015,325992,0.018998861
2001,325998,-0.029376745
2002,325998,0.072317362
2003,325998,-0.023560405
2004,325998,-0.019734383
2005,325998,-0.031679153
2006,325998,0.008525848
2007,325998,0.013660192
2008,325998,-0.013877749
2009,325998,0.013907194
2010,325998,0.067373037
2011,325998,-0.085180044
2012,325998,0.065904021
2013,325998,0.028843999
2014,325998,-0.014366031
2015,325998,0.082733989
2001,326112,0.020262837
2002,326112,0.007816434
2003,326112,0.012582779
2004,326112,-0.010426521
2005,326112,0.007938743
2006,326112,-0.042440057
2007,326112,-0.002340436
2008,326112,0.004296303
2009,326112,0.006541967
2010,326112,0.016983509
2011,326112,0.002931714
2012,326112,-0.000967264
2013,326112,0.011205316
2014,326112,0.008518934
2015,326112,0.013128161
2001,326113,-0.001888871
2002,326113,0.018908381
2003,326113,-0.025480747
2004,326113,-0.015739679
2005,326113,-0.027730823
2006,326113,-0.001507998
2007,326113,0.030238986
2008,326113,-0.040562391
2009,326113,0.063208818
2010,326113,-0.037111878
2011,326113,0.014263034
2012,326113,0.077535391
2013,326113,-0.001432061
2014,326113,0.021070361
2015,326113,0.033130288
2001,326140,-0.017625928
2002,326140,0.027607083
2003,326140,-0.004359603
2004,326140,-0.089426756
2005,326140,-0.034465492
2006,326140,0.029986858
2007,326140,-0.010101855
2008,326140,0.041300893
2009,326140,0.07371664
2010,326140,0.041762471
2011,326140,-0.028076053
2012,326140,-0.040843606
2013,326140,0.013909698
2014,326140,-0.036287665
2015,326140,0.01181829
2001,326211,-0.016402483
2002,326211,0.001977205
2003,326211,-0.012904048
2004,326211,0.029521942
2005,326211,-0.00174439
2006,326211,-0.054141998
2007,326211,0.033381462
2008,326211,-0.030032158
2009,326211,0.002460122
2010,326211,0.015064478
2011,326211,-0.008466125
2012,326211,0.019296169
2013,326211,0.040434003
2014,326211,0.030596733
2015,326211,0.045788169
2001,326212,0.011807203
2002,326212,-0.0115242
2003,326212,0.007368207
2004,326212,-0.002808929
2005,326212,-0.001530409
2006,326212,0.003998756
2007,326212,-0.00857532
2008,326212,0.008223295
2009,326212,0.019002438
2010,326212,-0.015346766
2011,326212,0.001773477
2012,326212,-0.03986609
2013,326212,0.019310117
2014,326212,0.031709909
2015,326212,0.041482568
2001,326299,0.062641263
2002,326299,-0.017535925
2003,326299,0.02760613
2004,326299,0.043018937
2005,326299,-0.025976181
2006,326299,0.035871863
2007,326299,0.001777172
2008,326299,0.00436759
2009,326299,0.022016883
2010,326299,0.011289597
2011,326299,-0.023793578
2012,326299,0.05113399
2013,326299,0.025055766
2014,326299,-0.011542439
2015,326299,0.01912272
2001,327212,-0.065542817
2002,327212,-0.03971374
2003,327212,-0.027750015
2004,327212,-0.013029575
2005,327212,-0.049810946
2006,327212,0.033249795
2007,327212,0.022226334
2008,327212,-0.03907305
2009,327212,0.028672516
2010,327212,0.037934542
2011,327212,-0.003022313
2012,327212,0.041586399
2013,327212,0.003534675
2014,327212,-0.015943885
2015,327212,0.007023215
2001,327213,0.002434492
2002,327213,-0.023661852
2003,327213,-0.032166958
2004,327213,-0.007265687
2005,327213,0.021836877
2006,327213,-0.022669315
2007,327213,0.030266285
2008,327213,0.002678633
2009,327213,-0.011538386
2010,327213,-0.005995154
2011,327213,-0.020820856
2012,327213,0.007385969
2013,327213,-0.013276577
2014,327213,0.002924442
2015,327213,-0.006960154
2001,327310,0.003280759
2002,327310,-0.002324343
2003,327310,-0.004029751
2004,327310,0.015013456
2005,327310,0.005556226
2006,327310,-0.035365582
2007,327310,0.007806182
2008,327310,-0.011674047
2009,327310,-0.01112318
2010,327310,-0.0043782
2011,327310,-0.028157353
2012,327310,0.003501058
2013,327310,-0.013416648
2014,327310,0.019974828
2015,327310,0.055827498
2001,327390,0.031779647
2002,327390,0.012310505
2003,327390,-0.050033689
2004,327390,0.031073093
2005,327390,0.06281662
2006,327390,-0.050221443
2007,327390,0.011662126
2008,327390,-0.071389794
2009,327390,-0.007650971
2010,327390,0.004113793
2011,327390,0.022990942
2012,327390,0.016070604
2013,327390,-0.00190568
2014,327390,0.020452023
2015,327390,0.027130127
2001,327992,-0.076615572
2002,327992,-0.054556549
2003,327992,0.018402159
2004,327992,0.0273875
2005,327992,-0.028311729
2006,327992,-0.03692925
2007,327992,0.037902653
2008,327992,-0.02535677
2009,327992,0.017191231
2010,327992,0.021977425
2011,327992,-0.001579285
2012,327992,0.036941051
2013,327992,0.026567578
2014,327992,-0.049735188
2015,327992,-0.037253618
2001,327993,-0.008312345
2002,327993,-0.029617071
2003,327993,-0.006548286
2004,327993,0.019300818
2005,327993,0.006929278
2006,327993,0.000207424
2007,327993,0.03991735
2008,327993,-0.040391326
2009,327993,0.028221965
2010,327993,0.014183044
2011,327993,-0.005205751
2012,327993,-0.021270752
2013,327993,0.018445611
2014,327993,-0.005308628
2015,327993,0.036850691
2001,331221,0.01266849
2002,331221,-0.005689621
2003,331221,0.008797288
2004,331221,0.010764837
2005,331221,-0.036263704
2006,331221,-0.001534343
2007,331221,0.006627917
2008,331221,0.00489974
2009,331221,0.015611053
2010,331221,0.005642057
2011,331221,-0.013618231
2012,331221,0.014025211
2013,331221,0.014787078
2014,331221,-0.034540772
2015,331221,0.043750644
2001,331315,-0.040251493
2002,331315,0.040053844
2003,331315,-0.007995963
2004,331315,0.026255727
2005,331315,-0.007270575
2006,331315,-0.050326467
2007,331315,0.068483233
2008,331315,-0.024464369
2009,331315,0.060442924
2010,331315,-0.025163889
2011,331315,-0.007857204
2012,331315,0.01623261
2013,331315,-0.015362501
2014,331315,0.008826494
2015,331315,-0.016469836
2001,331420,0.011795402
2002,331420,-0.02823019
2003,331420,-0.015132546
2004,331420,-0.006696701
2005,331420,0.003342152
2006,331420,0.008721829
2007,331420,-0.020190835
2008,331420,-0.007156491
2009,331420,0.020078063
2010,331420,-0.022222519
2011,331420,-0.007382155
2012,331420,0.002967715
2013,331420,0.007323861
2014,331420,-0.009982467
2015,331420,0.00856173
2001,332111,0.008795738
2002,332111,-0.010315776
2003,332111,-0.007837892
2004,332111,-0.013682127
2005,332111,0.024931669
2006,332111,0.027546406
2007,332111,-0.035638094
2008,332111,-0.006984353
2009,332111,0.008484125
2010,332111,-0.004139781
2011,332111,-0.003774405
2012,332111,-0.017126083
2013,332111,0.009606838
2014,332111,-0.00832212
2015,332111,0.008752346
2001,332216,0.047654867
2002,332216,-0.026422262
2003,332216,-0.028736353
2004,332216,-0.004164457
2005,332216,-0.033735633
2006,332216,0.001960039
2007,332216,0.078198433
2008,332216,-0.004998088
2009,332216,0.016605735
2010,332216,0.020162821
2011,332216,0.015381813
2012,332216,0.00612402
2013,332216,0.028814793
2014,332216,0.02729094
2015,332216,0.03538537
2001,332312,-0.010391474
2002,332312,0.027712226
2003,332312,0.026828885
2004,332312,0.026143551
2005,332312,-0.036484241
2006,332312,0.000236988
2007,332312,0.010194302
2008,332312,-0.003450155
2009,332312,0.009968281
2010,332312,-0.039954782
2011,332312,-0.049085617
2012,332312,0.049332142
2013,332312,0.01039803
2014,332312,-0.058520079
2015,332312,-0.041935563
2001,332313,0.032703042
2002,332313,0.035274863
2003,332313,-0.019525409
2004,332313,0.004564643
2005,332313,-0.048606396
2006,332313,-0.038248181
2007,332313,0.059384227
2008,332313,-0.023662567
2009,332313,0.022852063
2010,332313,-0.016394496
2011,332313,0.000498176
2012,332313,0.024351835
2013,332313,-0.003549099
2014,332313,-8.91685E-05
2015,332313,-0.010872483
2001,332321,0.057718515
2002,332321,0.013305426
2003,332321,-0.016874552
2004,332321,0.008776784
2005,332321,-0.012809277
2006,332321,-0.016829729
2007,332321,-0.016543508
2008,332321,-0.038284898
2009,332321,0.008676291
2010,332321,-0.03036654
2011,332321,0.011631131
2012,332321,0.015489221
2013,332321,0.00928998
2014,332321,0.021342039
2015,332321,0.026848316
2001,332410,-0.070942163
2002,332410,-0.018941164
2003,332410,0.003221273
2004,332410,0.08784914
2005,332410,-0.062821031
2006,332410,0.001493216
2007,332410,-0.000821471
2008,332410,0.079357624
2009,332410,0.052860618
2010,332410,-0.048323154
2011,332410,-0.002018571
2012,332410,-0.016232729
2013,332410,-0.026047587
2014,332410,-0.003256083
2015,332410,-0.012624264
2001,332431,-0.025078893
2002,332431,0.018865585
2003,332431,-0.001504183
2004,332431,0.012462378
2005,332431,-0.009267449
2006,332431,-0.012316227
2007,332431,0.013971567
2008,332431,0.0072819
2009,332431,0.009718418
2010,332431,0.007333398
2011,332431,-0.002230167
2012,332431,-0.00351882
2013,332431,0.005148768
2014,332431,0.004298806
2015,332431,0.017787218
2001,332613,-0.036411285
2002,332613,-0.012972593
2003,332613,0.06055522
2004,332613,-0.034202695
2005,332613,0.031320333
2006,332613,0.011805773
2007,332613,0.05797267
2008,332613,0.001095891
2009,332613,-0.0468539
2010,332613,0.017655253
2011,332613,-0.048133135
2012,332613,0.004119635
2013,332613,-2.20537E-05
2014,332613,0.068240643
2015,332613,0.014814496
2001,332912,-0.011917949
2002,332912,-0.072812915
2003,332912,0.061310172
2004,332912,0.021705389
2005,332912,0.014152169
2006,332912,0.007009506
2007,332912,0.013677955
2008,332912,0.004734159
2009,332912,-0.01708889
2010,332912,0.019412637
2011,332912,0.016896844
2012,332912,-0.003875256
2013,332912,-0.012869716
2014,332912,0.023080826
2015,332912,0.010361314
2001,332913,-0.043042183
2002,332913,0.028115034
2003,332913,-0.018606901
2004,332913,-0.000544786
2005,332913,-0.047629595
2006,332913,-0.018373251
2007,332913,-0.003057122
2008,332913,-0.042504787
2009,332913,0.031006932
2010,332913,-0.023773313
2011,332913,-0.002509832
2012,332913,0.007646561
2013,332913,0.03769207
2014,332913,0.00605011
2015,332913,0.057701707
2001,332919,-0.030806184
2002,332919,0.007448554
2003,332919,-0.016244888
2004,332919,0.0435853
2005,332919,-0.018273473
2006,332919,-0.003490329
2007,332919,-0.026509523
2008,332919,0.001497865
2009,332919,0.065863132
2010,332919,0.017516255
2011,332919,-0.005832315
2012,332919,-0.013668418
2013,332919,-0.002602816
2014,332919,-0.003316641
2015,332919,0.058553219
2001,332991,-0.023707628
2002,332991,-0.004269123
2003,332991,-0.027599692
2004,332991,0.018221498
2005,332991,0.003088951
2006,332991,0.010266662
2007,332991,0.011201143
2008,332991,-0.003879786
2009,332991,-0.036358953
2010,332991,0.099299669
2011,332991,0.005529165
2012,332991,-0.013157487
2013,332991,-0.018877625
2014,332991,0.020719528
2015,332991,-0.019723773
2001,332993,0.011142492
2002,332993,0.011135101
2003,332993,-0.016450763
2004,332993,-0.023180485
2005,332993,-0.005394101
2006,332993,0.000838876
2007,332993,0.013954043
2008,332993,0.017465234
2009,332993,0.006558657
2010,332993,-0.010718107
2011,332993,0.009748459
2012,332993,0.007133842
2013,332993,0.038825274
2014,332993,-0.03079772
2015,332993,-0.022625327
2001,333111,-0.019426107
2002,333111,-0.014966726
2003,333111,-0.004725933
2004,333111,0.018216491
2005,333111,-0.001648307
2006,333111,0.031646729
2007,333111,0.010335326
2008,333111,-0.015792847
2009,333111,-0.010545969
2010,333111,0.033984303
2011,333111,-0.01353395
2012,333111,-0.026906133
2013,333111,0.024978161
2014,333111,-0.013746619
2015,333111,-0.003402352
2001,333120,-0.009686112
2002,333120,0.002480388
2003,333120,-0.013760328
2004,333120,-0.020031214
2005,333120,0.009033084
2006,333120,0.033913136
2007,333120,-0.003392577
2008,333120,-0.064706683
2009,333120,0.037496448
2010,333120,0.038361907
2011,333120,0.000269532
2012,333120,0.012329817
2013,333120,-0.003137946
2014,333120,0.026670933
2015,333120,0.019030809
2001,333131,-0.067103148
2002,333131,0.059399486
2003,333131,0.030653358
2004,333131,0.031537652
2005,333131,0.042157292
2006,333131,0.037788749
2007,333131,0.010319591
2008,333131,-0.015145183
2009,333131,0.028270841
2010,333131,0.006009579
2011,333131,0.072775602
2012,333131,0.008817196
2013,333131,-0.03491962
2014,333131,-0.039804339
2015,333131,-0.046730042
2001,333132,0.031058669
2002,333132,-0.011987686
2003,333132,-0.016492367
2004,333132,0.023462892
2005,333132,-0.012395859
2006,333132,0.059847116
2007,333132,0.011125565
2008,333132,0.003128052
2009,333132,0.002789021
2010,333132,0.017178297
2011,333132,-0.022833586
2012,333132,-0.025122762
2013,333132,-0.007271409
2014,333132,0.034775257
2015,333132,-0.025362492
2001,333413,-0.028481841
2002,333413,0.000293851
2003,333413,0.014122128
2004,333413,0.006963968
2005,333413,-0.006326318
2006,333413,-0.003528714
2007,333413,-0.002345681
2008,333413,0.042064667
2009,333413,0.00163126
2010,333413,0.035868287
2011,333413,0.016083479
2012,333413,0.002739668
2013,333413,-0.015817285
2014,333413,0.019516349
2015,333413,-0.008361816
2001,333415,-0.036229849
2002,333415,-0.005954385
2003,333415,-0.003875971
2004,333415,-0.004041672
2005,333415,0.000452399
2006,333415,0.003607273
2007,333415,0.012597442
2008,333415,-0.002299309
2009,333415,0.007289052
2010,333415,0.014299512
2011,333415,-0.010424852
2012,333415,0.005626679
2013,333415,0.012928009
2014,333415,-0.007683754
2015,333415,0.016022921
2001,333514,-0.038006425
2002,333514,0.021314144
2003,333514,-0.04139328
2004,333514,-0.04215014
2005,333514,-0.059217453
2006,333514,-0.047988653
2007,333514,0.00043118
2008,333514,-0.049883366
2009,333514,-0.030726075
2010,333514,0.099521875
2011,333514,0.010335565
2012,333514,0.043690562
2013,333514,0.004578233
2014,333514,-0.07477057
2015,333514,-0.001869917
2001,333517,-0.096573591
2002,333517,-0.031738281
2003,333517,0.000527382
2004,333517,-0.0071522
2005,333517,0.014212132
2006,333517,0.033649564
2007,333517,-0.015866637
2008,333517,-0.0188241
2009,333517,-0.08901751
2010,333517,0.087513328
2011,333517,0.063172698
2012,333517,-0.00908041
2013,333517,-0.0722574
2014,333517,-0.002688289
2015,333517,-0.024878263
2001,333618,-0.035055161
2002,333618,-0.005823016
2003,333618,-0.010634303
2004,333618,0.035776019
2005,333618,-0.000490189
2006,333618,-0.003527999
2007,333618,-0.036571741
2008,333618,0.002352119
2009,333618,-0.004260421
2010,333618,0.059400558
2011,333618,0.017433524
2012,333618,0.011418104
2013,333618,-0.005295515
2014,333618,0.002194405
2015,333618,0.013415933
2001,333914,-0.021398306
2002,333914,-0.011869669
2003,333914,0.014065623
2004,333914,0.03943634
2005,333914,0.012630343
2006,333914,0.019699335
2007,333914,0.010604978
2008,333914,-0.067109466
2009,333914,0.013796687
2010,333914,0.015348911
2011,333914,0.078964114
2012,333914,0.011618018
2013,333914,-0.002219796
2014,333914,0.016303658
2015,333914,-0.000597835
2001,333923,-0.005422831
2002,333923,-0.026572585
2003,333923,-0.011806846
2004,333923,-0.013184309
2005,333923,0.011923909
2006,333923,0.046689034
2007,333923,0.023485661
2008,333923,-0.009559155
2009,333923,-0.071237803
2010,333923,0.050052166
2011,333923,4.25577E-05
2012,333923,0.039218068
2013,333923,0.021625042
2014,333923,-0.005932808
2015,333923,-0.007672906
2001,333991,-0.033839941
2002,333991,-0.022191644
2003,333991,0.038678288
2004,333991,0.023750067
2005,333991,-0.018524647
2006,333991,0.003522635
2007,333991,0.015397668
2008,333991,-0.025931954
2009,333991,0.018808842
2010,333991,0.018304706
2011,333991,-0.007817507
2012,333991,-0.020771146
2013,333991,-0.015627146
2014,333991,0.015257835
2015,333991,-0.004997492
2001,333992,-0.048007488
2002,333992,0.004327059
2003,333992,-0.074907064
2004,333992,-0.008800745
2005,333992,-0.015164495
2006,333992,0.02810657
2007,333992,0.011972904
2008,333992,0.012556314
2009,333992,-0.023414493
2010,333992,0.008595586
2011,333992,-0.013670325
2012,333992,0.02380991
2013,333992,0.044480562
2014,333992,0.021244049
2015,333992,-0.001964808
2001,334412,-0.023940206
2002,334412,-0.024585366
2003,334412,0.009958267
2004,334412,0.006618619
2005,334412,-0.005887508
2006,334412,-0.000862718
2007,334412,0.004688501
2008,334412,0.00894928
2009,334412,-0.004939437
2010,334412,0.023137093
2011,334412,-0.004443646
2012,334412,-0.015749812
2013,334412,-0.002622843
2014,334412,0.002998948
2015,334412,0.01118803
2001,334418,0.017929792
2002,334418,0.04737258
2003,334418,0.081152439
2004,334418,0.016995788
2005,334418,0.002591848
2006,334418,0.036621451
2007,334418,-0.086701512
2008,334418,-0.014940262
2009,334418,-0.047733784
2010,334418,0.034528613
2011,334418,-0.026607752
2012,334418,-0.072414875
2013,334418,0.03742516
2014,334418,0.045549273
2015,334418,0.045574784
2001,334511,-0.078559041
2002,334511,-0.004531384
2003,334511,-0.040299654
2004,334511,0.015546203
2005,334511,0.016147614
2006,334511,0.034251213
2007,334511,0.029069781
2008,334511,-0.003213286
2009,334511,-0.009158373
2010,334511,0.017233849
2011,334511,0.036525965
2012,334511,0.013276696
2013,334511,0.002259493
2014,334511,0.036984801
2015,334511,0.000669479
2001,334513,-0.036425114
2002,334513,-0.033479452
2003,334513,0.014727592
2004,334513,0.018315792
2005,334513,0.008907199
2006,334513,0.001103044
2007,334513,0.002071261
2008,334513,0.00940156
2009,334513,0.006907582
2010,334513,0.092299938
2011,334513,-0.026859403
2012,334513,0.017583609
2013,334513,0.030837655
2014,334513,0.038383603
2015,334513,0.006675601
2001,334516,-0.064800739
2002,334516,0.038424492
2003,334516,-0.059374809
2004,334516,0.026595592
2005,334516,0.06709826
2006,334516,0.026825786
2007,334516,-0.007416248
2008,334516,0.040986538
2009,334516,0.020972967
2010,334516,0.038297176
2011,334516,0.039179802
2012,334516,0.04077363
2013,334516,0.012839079
2014,334516,0.08323431
2015,334516,-0.043144226
2001,334519,-0.099505305
2002,334519,0.02194643
2003,334519,0.050310373
2004,334519,0.040755153
2005,334519,0.015846848
2006,334519,-0.034788966
2007,334519,0.036703587
2008,334519,0.02149725
2009,334519,-0.053363204
2010,334519,0.099743605
2011,334519,0.031079173
2012,334519,-0.000926733
2013,334519,0.004873037
2014,334519,0.024582624
2015,334519,-0.040780783
2001,335122,0.000870705
2002,335122,-0.04220438
2003,335122,0.020303607
2004,335122,-0.005079031
2005,335122,-0.04914391
2006,335122,0.037355542
2007,335122,0.017401934
2008,335122,-0.055302382
2009,335122,-0.02266109
2010,335122,0.03226912
2011,335122,-0.008871198
2012,335122,0.0150069
2013,335122,-0.021807909
2014,335122,-0.003956676
2015,335122,0.038375378
2001,335220,-0.019256115
2002,335220,0.04643631
2003,335220,-0.013894439
2004,335220,-0.023819804
2005,335220,0.04191494
2006,335220,0.008933187
2007,335220,0.014913678
2008,335220,-0.010995984
2009,335220,0.067958117
2010,335220,0.075341225
2011,335220,-0.006763578
2012,335220,0.09281075
2013,335220,0.055965781
2014,335220,0.009480715
2015,335220,0.088335395
2001,335312,0.024650097
2002,335312,-0.007673979
2003,335312,0.003581524
2004,335312,0.011280894
2005,335312,-0.003467798
2006,335312,0.000140429
2007,335312,0.01453054
2008,335312,0.001793861
2009,335312,0.055166245
2010,335312,-0.01617372
2011,335312,-0.024155259
2012,335312,-0.020192623
2013,335312,0.046467304
2014,335312,-0.007409811
2015,335312,0.004339814
2001,335313,-0.074121118
2002,335313,0.06978035
2003,335313,0.001901984
2004,335313,-0.015675187
2005,335313,0.020357609
2006,335313,0.047574043
2007,335313,0.046776056
2008,335313,0.009356499
2009,335313,-0.0366925
2010,335313,0.031952024
2011,335313,0.001171827
2012,335313,-0.016256094
2013,335313,0.009654164
2014,335313,-0.00844276
2015,335313,0.01689899
2001,335314,-0.029443979
2002,335314,0.023836255
2003,335314,0.001275182
2004,335314,0.02080965
2005,335314,0.012682676
2006,335314,-0.00305903
2007,335314,0.029022694
2008,335314,-0.016664386
2009,335314,-0.035616755
2010,335314,0.061717629
2011,335314,-0.005185604
2012,335314,0.006637216
2013,335314,0.014047027
2014,335314,0.010622025
2015,335314,0.023829699
2001,335911,-0.038776636
2002,335911,0.004556656
2003,335911,-0.009126782
2004,335911,-0.060484529
2005,335911,-0.019781709
2006,335911,0.008482456
2007,335911,-0.027965665
2008,335911,0.02873075
2009,335911,0.026624441
2010,335911,0.003599167
2011,335911,-0.037129641
2012,335911,0.00015533
2013,335911,0.005027175
2014,335911,0.090914845
2015,335911,0.021050692
2001,335921,-0.009706855
2002,335921,-0.064530253
2003,335921,0.001224876
2004,335921,0.045744538
2005,335921,0.034710407
2006,335921,0.009101391
2007,335921,0.050380468
2008,335921,-0.034550309
2009,335921,0.036873341
2010,335921,0.061041355
2011,335921,0.006831527
2012,335921,0.034290671
2013,335921,-0.077090502
2014,335921,-0.006180286
2015,335921,-0.09120357
2001,335931,0.047992945
2002,335931,0.030878901
2003,335931,0.008609414
2004,335931,0.020019174
2005,335931,0.006914973
2006,335931,-0.008643389
2007,335931,0.028752327
2008,335931,0.009240508
2009,335931,0.005948424
2010,335931,0.031681538
2011,335931,-0.006399751
2012,335931,0.030857801
2013,335931,0.009813309
2014,335931,-0.007383704
2015,335931,-0.001081109
2001,336111,0.016811728
2002,336111,0.024113178
2003,336111,-0.005365133
2004,336111,-0.019997835
2005,336111,-0.021246791
2006,336111,-0.004919052
2007,336111,0.012843132
2008,336111,-0.0582515
2009,336111,-0.023521662
2010,336111,0.034998655
2011,336111,-0.015222549
2012,336111,0.009900093
2013,336111,0.021080732
2014,336111,0.000688553
2015,336111,0.012355089
2001,336120,-0.034694552
2002,336120,0.018725276
2003,336120,-0.012419105
2004,336120,0.036360264
2005,336120,-0.007628441
2006,336120,0.020821929
2007,336120,-0.002444029
2008,336120,-0.014855742
2009,336120,-0.048695922
2010,336120,0.080722094
2011,336120,-0.015320539
2012,336120,-0.037587404
2013,336120,0.01193285
2014,336120,-0.002941489
2015,336120,0.019703746
2001,336211,-0.0413481
2002,336211,0.016602516
2003,336211,0.015384793
2004,336211,-0.032477736
2005,336211,0.020645261
2006,336211,0.001657844
2007,336211,0.008949041
2008,336211,-0.01897943
2009,336211,-0.012114882
2010,336211,0.016753316
2011,336211,0.001239896
2012,336211,-0.015788674
2013,336211,0.017340541
2014,336211,-0.006494641
2015,336211,0.00203824
2001,336212,-0.096907973
2002,336212,0.057243705
2003,336212,0.02485323
2004,336212,0.035634875
2005,336212,-0.015522122
2006,336212,-0.036221147
2007,336212,0.003551841
2008,336212,-0.057718515
2009,336212,-0.068766773
2010,336212,0.086044252
2011,336212,0.006667256
2012,336212,0.059954405
2013,336212,0.025466681
2014,336212,-0.010377169
2015,336212,0.037498593
2001,336214,-0.018167019
2002,336214,0.015879512
2003,336214,0.008924604
2004,336214,0.005030632
2005,336214,-0.005379319
2006,336214,0.006119967
2007,336214,-0.016583085
2008,336214,-0.012479663
2009,336214,-0.046935678
2010,336214,0.054974556
2011,336214,-0.008672237
2012,336214,-0.005931616
2013,336214,0.020190358
2014,336214,0.003414273
2015,336214,0.007824183
2001,336310,-0.045435309
2002,336310,0.025093436
2003,336310,0.003007174
2004,336310,-0.008166313
2005,336310,-0.019500017
2006,336310,0.00904882
2007,336310,-0.002962828
2008,336310,-0.016110539
2009,336310,-0.008016348
2010,336310,0.026501656
2011,336310,-0.010128736
2012,336310,-0.005879402
2013,336310,0.00926137
2014,336310,0.001966953
2015,336310,0.000678062
2001,336320,-0.040361762
2002,336320,0.009762645
2003,336320,-0.022179842
2004,336320,-0.001207233
2005,336320,-0.030828476
2006,336320,-0.013740301
2007,336320,0.016174078
2008,336320,0.022791505
2009,336320,0.016718149
2010,336320,0.070308447
2011,336320,0.017198324
2012,336320,0.00728333
2013,336320,0.008774638
2014,336320,0.016592026
2015,336320,0.035224438
2001,336330,-0.031402707
2002,336330,-0.05084765
2003,336330,-0.010388255
2004,336330,-0.02126956
2005,336330,-0.01642549
2006,336330,-0.003363609
2007,336330,0.007526994
2008,336330,0.018785834
2009,336330,-0.021388769
2010,336330,0.049382448
2011,336330,-0.022735834
2012,336330,0.004800439
2013,336330,0.002357841
2014,336330,0.022796035
2015,336330,0.003631234
2001,336370,-0.04962182
2002,336370,0.000162601
2003,336370,-0.006194472
2004,336370,-0.019787312
2005,336370,-0.007760286
2006,336370,0.008443832
2007,336370,0.008680105
2008,336370,0.001463771
2009,336370,-0.083409071
2010,336370,0.056445599
2011,336370,-0.016022086
2012,336370,0.001913905
2013,336370,0.018712044
2014,336370,-0.012000561
2015,336370,-0.011617303
2001,336390,-0.026137948
2002,336390,0.019014955
2003,336390,-0.000824809
2004,336390,-0.032737255
2005,336390,-0.019199252
2006,336390,-0.009983897
2007,336390,0.004940152
2008,336390,-0.012214541
2009,336390,0.002712965
2010,336390,0.037147999
2011,336390,-0.017187238
2012,336390,0.002386689
2013,336390,0.008008003
2014,336390,0.011162639
2015,336390,0.012025237
2001,336411,0.018393278
2002,336411,-0.008327365
2003,336411,-0.047845721
2004,336411,0.016706109
2005,336411,0.017527223
2006,336411,0.013144612
2007,336411,0.011763692
2008,336411,-0.010784984
2009,336411,-0.016531944
2010,336411,0.02107203
2011,336411,-0.002220511
2012,336411,-0.021321058
2013,336411,-0.00503099
2014,336411,-0.001047492
2015,336411,-0.011132956
2001,336412,0.004875302
2002,336412,0.004411459
2003,336412,-0.015377879
2004,336412,0.00413084
2005,336412,-0.003216982
2006,336412,-0.006724119
2007,336412,0.004299402
2008,336412,0.007721186
2009,336412,-0.004442692
2010,336412,0.020305276
2011,336412,-0.006596208
2012,336412,0.001175046
2013,336412,0.01499486
2014,336412,0.010648131
2015,336412,0.023967862
2001,336413,-0.054416299
2002,336413,0.011055827
2003,336413,-0.023901582
2004,336413,-0.017404199
2005,336413,0.022738338
2006,336413,0.008327127
2007,336413,0.016480446
2008,336413,0.016188622
2009,336413,0.013366103
2010,336413,-0.008829594
2011,336413,-0.008042932
2012,336413,0.012348413
2013,336413,0.032247066
2014,336413,0.021328807
2015,336413,-0.0043329
2001,336510,-0.005703926
2002,336510,-0.076114774
2003,336510,0.08717525
2004,336510,-0.048526525
2005,336510,-0.004304171
2006,336510,0.045039058
2007,336510,-0.003771186
2008,336510,0.003276944
2009,336510,0.023626566
2010,336510,0.073412061
2011,336510,-0.053656578
2012,336510,-0.000605702
2013,336510,0.018776298
2014,336510,-0.001839519
2015,336510,0.004248619
2001,336999,-0.047606468
2002,336999,-0.002666593
2003,336999,0.002953172
2004,336999,0.006250739
2005,336999,-0.012101054
2006,336999,0.011670709
2007,336999,0.004028082
2008,336999,-0.00521791
2009,336999,0.049670577
2010,336999,0.02925539
2011,336999,0.005609155
2012,336999,0.011608481
2013,336999,0.019779444
2014,336999,0.000223994
2015,336999,-0.011450529
2001,337214,-0.024029136
2002,337214,-0.009891987
2003,337214,-0.020142674
2004,337214,-0.019120336
2005,337214,0.010642767
2006,337214,-0.018775582
2007,337214,0.020735264
2008,337214,-0.027885199
2009,337214,0.017832994
2010,337214,-0.006950975
2011,337214,-0.021989346
2012,337214,0.002055526
2013,337214,0.009816408
2014,337214,0.019143462
2015,337214,0.035470724
2001,339930,0.01106596
2002,339930,0.038628101
2003,339930,-0.023030043
2004,339930,-0.046899438
2005,339930,-0.015149236
2006,339930,-0.060753226
2007,339930,-0.011282802
2008,339930,-0.008512974
2009,339930,0.010580659
2010,339930,-0.062129259
2011,339930,-0.089422345
2012,339930,0.074139833
2013,339930,0.08486867
2014,339930,0.040260077
2015,339930,0.068583608
2001,423120,-0.004388213
2002,423120,-0.000717998
2003,423120,0.004588008
2004,423120,0.000555515
2005,423120,0.007647872
2006,423120,-0.010329723
2007,423120,-0.050520658
2008,423120,0.001521945
2009,423120,0.003307581
2010,423120,-0.015174866
2011,423120,-0.000169516
2012,423120,-0.035710573
2013,423120,0.018356442
2014,423120,0.035706162
2015,423120,-0.000855207
2001,423310,0.001669407
2002,423310,-0.035526872
2003,423310,0.007936478
2004,423310,-0.006101966
2005,423310,-0.003282666
2006,423310,0.008624077
2007,423310,0.006722808
2008,423310,-0.002374888
2009,423310,-0.000133872
2010,423310,-0.010055304
2011,423310,-0.002507091
2012,423310,0.03461647
2013,423310,0.000935912
2014,423310,0.020750284
2015,423310,-0.013088465
2001,423330,0.009871244
2002,423330,0.006468415
2003,423330,0.005764484
2004,423330,-0.009483337
2005,423330,-0.014356494
2006,423330,0.014033794
2007,423330,-0.031682968
2008,423330,0.012906551
2009,423330,0.002010107
2010,423330,-0.020922899
2011,423330,0.017551303
2012,423330,0.021557093
2013,423330,-0.008808017
2014,423330,-0.017618656
2015,423330,0.017868996
2001,423430,0.004651666
2002,423430,0.001373172
2003,423430,0.004014611
2004,423430,-0.005252123
2005,423430,-0.000113726
2006,423430,0.001895785
2007,423430,-0.009371996
2008,423430,0.011661172
2009,423430,-0.000382185
2010,423430,0.000112176
2011,423430,0.001021862
2012,423430,0.001451373
2013,423430,0.005778313
2014,423430,-0.004168272
2015,423430,0.006109834
2001,423450,0.004527211
2002,423450,0.014437556
2003,423450,0.004677415
2004,423450,0.00887084
2005,423450,0.008613706
2006,423450,0.002177835
2007,423450,-0.016032338
2008,423450,-0.001847148
2009,423450,0.014724612
2010,423450,0.002286673
2011,423450,-0.001472592
2012,423450,-0.012112975
2013,423450,-8.52346E-05
2014,423450,-0.001496553
2015,423450,-0.01006043
2001,423510,0.017943382
2002,423510,-0.024488568
2003,423510,-0.015356541
2004,423510,0.010617256
2005,423510,-0.039709687
2006,423510,-0.009492397
2007,423510,0.002667308
2008,423510,-0.020535946
2009,423510,-0.029178977
2010,423510,0.002827764
2011,423510,-0.009332776
2012,423510,0.005963445
2013,423510,0.010901093
2014,423510,-0.007266641
2015,423510,0.034166813
2001,423610,-0.002062082
2002,423610,0.00265491
2003,423610,0.008715391
2004,423610,0.004844904
2005,423610,0.000357628
2006,423610,0.014735699
2007,423610,0.007799029
2008,423610,-0.007016897
2009,423610,-0.004899383
2010,423610,-0.002418041
2011,423610,0.005045652
2012,423610,0.002658129
2013,423610,0.002182961
2014,423610,0.000573635
2015,423610,-0.003952146
2001,423690,-0.005975604
2002,423690,0.013617873
2003,423690,-0.004350185
2004,423690,-0.02104485
2005,423690,-0.005133629
2006,423690,8.97646E-05
2007,423690,-0.004354
2008,423690,-0.002331734
2009,423690,-0.005395293
2010,423690,0.020045877
2011,423690,-0.005425334
2012,423690,-0.00494802
2013,423690,-0.00154984
2014,423690,0.001361728
2015,423690,-0.004333258
2001,423710,0.076408148
2002,423710,0.02059412
2003,423710,0.013329983
2004,423710,-0.009322286
2005,423710,-0.003020644
2006,423710,-0.013514876
2007,423710,0.006717444
2008,423710,-0.018851757
2009,423710,3.31402E-05
2010,423710,0.004483819
2011,423710,-0.034345746
2012,423710,0.041483045
2013,423710,0.006447315
2014,423710,-0.006956935
2015,423710,-0.011918902
2001,423730,0.00694859
2002,423730,-0.000337124
2003,423730,0.008486748
2004,423730,0.01598525
2005,423730,-0.008584499
2006,423730,0.006856203
2007,423730,-0.004465938
2008,423730,0.007498026
2009,423730,-0.02660358
2010,423730,-0.001319766
2011,423730,0.012970805
2012,423730,-0.004216909
2013,423730,0.005660176
2014,423730,0.004210711
2015,423730,0.004533291
2001,423810,0.084789276
2002,423810,0.028114438
2003,423810,-0.009117246
2004,423810,0.001147032
2005,423810,-0.033653378
2006,423810,-0.028538346
2007,423810,-0.010562539
2008,423810,0.001401305
2009,423810,-0.004953504
2010,423810,-0.010982752
2011,423810,0.00511694
2012,423810,0.019942284
2013,423810,0.011880875
2014,423810,-0.015341759
2015,423810,0.003090859
2001,423820,0.017839432
2002,423820,-0.000501275
2003,423820,-0.004740357
2004,423820,0.010666966
2005,423820,-0.01429534
2006,423820,-0.000349522
2007,423820,0.001734138
2008,423820,0.020557404
2009,423820,0.008920074
2010,423820,-0.04204905
2011,423820,0.002132416
2012,423820,-0.005602717
2013,423820,-0.005238652
2014,423820,0.035918474
2015,423820,0.037209511
2001,423840,0.003756523
2002,423840,0.001324058
2003,423840,0.030668974
2004,423840,-0.00711751
2005,423840,0.02072823
2006,423840,0.020553827
2007,423840,0.004248977
2008,423840,-0.001975298
2009,423840,0.001226187
2010,423840,0.0065552
2011,423840,0.009287477
2012,423840,0.005344153
2013,423840,0.006864429
2014,423840,0.005283356
2015,423840,0.00364244
2001,423860,0.003134251
2002,423860,-0.014175296
2003,423860,-0.015738964
2004,423860,-0.001477242
2005,423860,0.023394704
2006,423860,-0.000372767
2007,423860,0.021024823
2008,423860,0.003121615
2009,423860,0.084845304
2010,423860,-0.008708596
2011,423860,-0.012189269
2012,423860,0.042641997
2013,423860,0.022006631
2014,423860,-0.033111453
2015,423860,-0.032916069
2001,423910,0.020454884
2002,423910,0.027041078
2003,423910,0.019073248
2004,423910,0.060769081
2005,423910,-0.008535147
2006,423910,0.011097312
2007,423910,-0.012423277
2008,423910,-0.043078303
2009,423910,-0.023601055
2010,423910,0.094004035
2011,423910,0.008269429
2012,423910,-0.009601235
2013,423910,-0.009495139
2014,423910,0.004631519
2015,423910,0.000254869
2001,424120,-0.006349444
2002,424120,0.01581049
2003,424120,0.03232801
2004,424120,0.00326705
2005,424120,0.030408978
2006,424120,0.020444751
2007,424120,0.002259255
2008,424120,-0.015797377
2009,424120,-0.011009097
2010,424120,0.008593679
2011,424120,-0.00350225
2012,424120,-0.003641248
2013,424120,-3.29018E-05
2014,424120,-0.002630115
2015,424120,0.00493896
2001,424210,-0.012577415
2002,424210,0.010573745
2003,424210,-4.22001E-05
2004,424210,0.024850965
2005,424210,-0.010087729
2006,424210,-0.028723598
2007,424210,-0.001814842
2008,424210,0.003605723
2009,424210,-0.00264585
2010,424210,0.009769678
2011,424210,0.004401088
2012,424210,0.024654388
2013,424210,0.007624626
2014,424210,-0.020327091
2015,424210,0.0128268
2001,424340,0.022788286
2002,424340,0.080396891
2003,424340,0.05913651
2004,424340,0.04189086
2005,424340,-0.01527524
2006,424340,0.044764757
2007,424340,-0.001354814
2008,424340,-0.040072441
2009,424340,0.022801995
2010,424340,0.04314661
2011,424340,-0.001723886
2012,424340,0.000408053
2013,424340,0.002805352
2014,424340,-0.020066738
2015,424340,-0.011709571
2001,424490,0.020968556
2002,424490,0.000787377
2003,424490,-0.010599732
2004,424490,0.009725452
2005,424490,-0.001951933
2006,424490,0.01446414
2007,424490,-0.019457817
2008,424490,-0.014667273
2009,424490,0.014714003
2010,424490,0.001848102
2011,424490,-0.028975129
2012,424490,-0.010195851
2013,424490,-0.020065546
2014,424490,-0.004927754
2015,424490,-0.010999441
2001,424510,0.048448563
2002,424510,-0.013605475
2003,424510,-0.004160166
2004,424510,0.016539812
2005,424510,0.014721155
2006,424510,-0.009404779
2007,424510,0.008716106
2008,424510,-0.01425159
2009,424510,-0.01108706
2010,424510,0.02175045
2011,424510,-0.017408848
2012,424510,-0.010813951
2013,424510,-0.042538345
2014,424510,0.026677787
2015,424510,0.006941676
2001,424590,0.014783978
2002,424590,0.023107052
2003,424590,-0.000857353
2004,424590,0.009878635
2005,424590,-0.03434515
2006,424590,0.083519697
2007,424590,-0.038274884
2008,424590,0.001155615
2009,424590,0.022368789
2010,424590,-0.029084563
2011,424590,-0.00713551
2012,424590,-0.00664103
2013,424590,-0.028173208
2014,424590,0.014150381
2015,424590,0.018159866
2001,424940,-0.006284356
2002,424940,0.010023594
2003,424940,-0.03837955
2004,424940,0.018568277
2005,424940,-0.055999637
2006,424940,0.014610648
2007,424940,-0.007489085
2008,424940,0.013528466
2009,424940,0.00560391
2010,424940,-0.023487926
2011,424940,-0.001105428
2012,424940,-0.005166888
2013,424940,-0.006130695
2014,424940,0.001016259
2015,424940,0.00095582
2001,441110,-0.009052873
2002,441110,0.001878679
2003,441110,-0.000964999
2004,441110,0.000775814
2005,441110,0.002016306
2006,441110,0.000579357
2007,441110,7.21812E-05
2008,441110,0.00927943
2009,441110,0.01367712
2010,441110,-0.010362566
2011,441110,-0.005469739
2012,441110,-0.008304179
2013,441110,-0.001951277
2014,441110,-0.00294441
2015,441110,-0.002887249
2001,441120,-0.094262898
2002,441120,-0.023385644
2003,441120,0.001916111
2004,441120,-0.00535661
2005,441120,-0.001497984
2006,441120,-0.000474274
2007,441120,-0.003450036
2008,441120,0.008422017
2009,441120,0.028626204
2010,441120,-0.010962129
2011,441120,-0.004852533
2012,441120,0.023739934
2013,441120,-0.035459101
2014,441120,-0.001137734
2015,441120,-0.001431823
2001,441222,0.017447114
2002,441222,0.003063679
2003,441222,0.018479824
2004,441222,0.015184641
2005,441222,-0.035339832
2006,441222,-0.008000612
2007,441222,-0.016892433
2008,441222,-0.005128861
2009,441222,-0.035941958
2010,441222,0.073175907
2011,441222,0.003388763
2012,441222,0.008330345
2013,441222,-0.004895568
2014,441222,0.000673771
2015,441222,-0.012577653
2001,441310,0.042946696
2002,441310,0.03591156
2003,441310,0.018388629
2004,441310,0.034281135
2005,441310,0.010946989
2006,441310,0.018994451
2007,441310,0.014382839
2008,441310,0.013949394
2009,441310,0.031795502
2010,441310,0.020998955
2011,441310,0.00543344
2012,441310,0.0207057
2013,441310,0.015052438
2014,441310,-0.045877218
2015,441310,0.059203625
2001,442110,-0.024360061
2002,442110,0.039572716
2003,442110,0.007238865
2004,442110,0.007959485
2005,442110,-0.079359293
2006,442110,0.024962544
2007,442110,-0.010809898
2008,442110,0.023198843
2009,442110,-0.007287145
2010,442110,4.85182E-05
2011,442110,0.038401246
2012,442110,-0.014250994
2013,442110,0.001568675
2014,442110,-0.012014985
2015,442110,-0.015656352
2001,442299,0.018141389
2002,442299,0.004265308
2003,442299,-0.011011243
2004,442299,-0.009740353
2005,442299,-0.013696909
2006,442299,-0.052532792
2007,442299,-0.020704508
2008,442299,-0.032144547
2009,442299,0.040347219
2010,442299,0.028734922
2011,442299,0.03806901
2012,442299,-0.006942987
2013,442299,-0.015361547
2014,442299,-0.022809148
2015,442299,-0.021315455
2001,443142,0.003668904
2002,443142,0.024071932
2003,443142,-4.26769E-05
2004,443142,-0.020979524
2005,443142,-0.006518006
2006,443142,-0.022043586
2007,443142,-0.017249942
2008,443142,-0.002828836
2009,443142,0.000135064
2010,443142,0.008434176
2011,443142,-0.009738684
2012,443142,-0.006978869
2013,443142,-0.021299005
2014,443142,-0.000782251
2015,443142,0.011484146
2001,444110,0.023850083
2002,444110,0.018931508
2003,444110,0.020688534
2004,444110,0.004501104
2005,444110,-0.004639626
2006,444110,-0.006934762
2007,444110,0.012601733
2008,444110,-0.000564933
2009,444110,0.013277411
2010,444110,0.006989837
2011,444110,-0.004010916
2012,444110,-0.002145767
2013,444110,0.000724912
2014,444110,-0.000588655
2015,444110,-0.008251429
2001,445110,0.007512808
2002,445110,0.005265355
2003,445110,-0.031800747
2004,445110,0.011416912
2005,445110,0.005434275
2006,445110,-0.01448071
2007,445110,0.016922355
2008,445110,-0.001980901
2009,445110,-0.006804586
2010,445110,-0.003323913
2011,445110,-0.013800144
2012,445110,-0.005506992
2013,445110,0.001691103
2014,445110,0.003409863
2015,445110,0.010808349
2001,446110,0.008950591
2002,446110,-0.032516956
2003,446110,0.036736965
2004,446110,0.004206061
2005,446110,-0.019313216
2006,446110,0.00172925
2007,446110,-0.019477248
2008,446110,0.013052583
2009,446110,-0.007993221
2010,446110,0.005554676
2011,446110,-0.003003836
2012,446110,-0.00479126
2013,446110,0.005180597
2014,446110,-0.02571249
2015,446110,-0.020372748
2001,447110,-0.014218092
2002,447110,0.010164142
2003,447110,-0.021336555
2004,447110,-0.032920718
2005,447110,-0.050838351
2006,447110,-0.00567162
2007,447110,-0.012860417
2008,447110,-0.017528713
2009,447110,0.046714604
2010,447110,-0.008275926
2011,447110,-0.055066764
2012,447110,-0.00149709
2013,447110,0.007270157
2014,447110,0.020573914
2015,447110,0.050253153
2001,448110,-0.082064152
2002,448110,-0.009883881
2003,448110,0.029373407
2004,448110,0.039110422
2005,448110,0.035596251
2006,448110,0.067320108
2007,448110,0.090801716
2008,448110,-0.062200546
2009,448110,-0.041968822
2010,448110,0.00015986
2011,448110,0.023459077
2012,448110,0.021616459
2013,448110,-0.009943605
2014,448110,-0.035053372
2015,448110,-0.000627398
2001,448130,-0.051215291
2002,448130,0.010623097
2003,448130,0.004240394
2004,448130,0.021695375
2005,448130,0.022339225
2006,448130,0.014712334
2007,448130,-0.073079586
2008,448130,0.016254544
2009,448130,0.032005072
2010,448130,-0.012037396
2011,448130,-0.021147609
2012,448130,-0.011243701
2013,448130,-0.022969365
2014,448130,-0.036625147
2015,448130,0.018262386
2001,448140,-0.048413277
2002,448140,0.021746039
2003,448140,0.025209665
2004,448140,0.014969349
2005,448140,0.04287219
2006,448140,0.001004458
2007,448140,0.016126633
2008,448140,0.000394225
2009,448140,0.01365447
2010,448140,0.00096488
2011,448140,-0.030041575
2012,448140,0.020085335
2013,448140,-0.011327267
2014,448140,-0.018717289
2015,448140,-0.018893361
2001,448190,-0.033232689
2002,448190,0.04052496
2003,448190,-0.008174539
2004,448190,0.003116727
2005,448190,-0.012540102
2006,448190,0.034074426
2007,448190,-0.051150322
2008,448190,-0.007704496
2009,448190,0.047180533
2010,448190,0.050560713
2011,448190,0.027985096
2012,448190,0.077998281
2013,448190,-0.032867193
2014,448190,0.02583158
2015,448190,0.020956278
2001,448210,-0.008283258
2002,448210,-0.00215292
2003,448210,-0.01078701
2004,448210,0.03113389
2005,448210,0.006549835
2006,448210,0.014015079
2007,448210,-0.025631905
2008,448210,0.011000633
2009,448210,0.028536201
2010,448210,0.023055077
2011,448210,-0.032594323
2012,448210,0.022494793
2013,448210,-0.010696054
2014,448210,-0.008165717
2015,448210,-0.007551789
2001,451110,-0.000304699
2002,451110,0.041324735
2003,451110,0.006454587
2004,451110,0.019213319
2005,451110,0.00553298
2006,451110,0.057852268
2007,451110,0.009409785
2008,451110,-0.015420198
2009,451110,0.003841162
2010,451110,0.032385349
2011,451110,0.020941615
2012,451110,0.01641643
2013,451110,0.011686683
2014,451110,-0.000718713
2015,451110,-0.006319046
2001,451120,0.009046316
2002,451120,0.014606595
2003,451120,0.015610814
2004,451120,0.008774519
2005,451120,0.031470656
2006,451120,0.031101465
2007,451120,0.016860485
2008,451120,-0.007289052
2009,451120,0.00729537
2010,451120,0.010843992
2011,451120,0.00846827
2012,451120,0.014039516
2013,451120,-0.023044705
2014,451120,0.020349503
2015,451120,0.002642989
2001,451211,0.000741363
2002,451211,-0.001190782
2003,451211,0.014231324
2004,451211,0.036975265
2005,451211,0.003422976
2006,451211,-0.012651086
2007,451211,-0.006557703
2008,451211,-0.000334501
2009,451211,-0.023053646
2010,451211,-0.059086084
2011,451211,0.069370389
2012,451211,-0.043563366
2013,451211,0.055118203
2014,451211,0.02380085
2015,451211,0.016663551
2001,452210,-0.00808084
2002,452210,0.023624778
2003,452210,0.05821836
2004,452210,0.026445389
2005,452210,0.000553608
2006,452210,-0.001375794
2007,452210,-0.008131862
2008,452210,-0.02410388
2009,452210,0.032111168
2010,452210,0.010573268
2011,452210,-0.02122128
2012,452210,-0.029695034
2013,452210,-0.003688932
2014,452210,0.022103429
2015,452210,-0.004277825
2001,452311,0.004530668
2002,452311,0.006369829
2003,452311,0.004862309
2004,452311,0.003436923
2005,452311,0.001566649
2006,452311,0.000977635
2007,452311,0.004208803
2008,452311,0.002222061
2009,452311,0.005994558
2010,452311,0.00242722
2011,452311,0.002640247
2012,452311,0.000258684
2013,452311,0.003059745
2014,452311,0.002077222
2015,452311,0.007588625
2001,452319,-0.000983238
2002,452319,0.013329744
2003,452319,0.019482493
2004,452319,0.004297137
2005,452319,0.005274773
2006,452319,0.009032607
2007,452319,0.004027486
2008,452319,0.000994921
2009,452319,0.019509673
2010,452319,-0.003334522
2011,452319,-0.001867175
2012,452319,-0.001567841
2013,452319,-0.002738595
2014,452319,0.000764012
2015,452319,0.005666733
2001,453998,0.027426481
2002,453998,0.012460113
2003,453998,0.036806941
2004,453998,0.001706481
2005,453998,-0.022731185
2006,453998,0.0234797
2007,453998,0.002174258
2008,453998,-0.019067407
2009,453998,0.012948275
2010,453998,-0.00531292
2011,453998,-0.001985788
2012,453998,0.003244281
2013,453998,0.024435759
2014,453998,-0.003586292
2015,453998,0.006404758
2001,481211,0.027357101
2002,481211,0.025833607
2003,481211,0.017248273
2004,481211,0.007897139
2005,481211,-0.003181934
2006,481211,-0.052152991
2007,481211,0.086902857
2008,481211,0.004791021
2009,481211,0.014092922
2010,481211,0.031027675
2011,481211,-0.069564223
2012,481211,0.024107575
2013,481211,-0.022458792
2014,481211,0.012268782
2015,481211,-0.034687877
2001,483112,-0.009771109
2002,483112,0.014878035
2003,483112,-0.069708109
2004,483112,0.064315796
2005,483112,0.001998663
2006,483112,-0.0244807
2007,483112,-0.032434106
2008,483112,-0.072257519
2009,483112,-0.005200028
2010,483112,-0.016284585
2011,483112,-0.028799772
2012,483112,-0.039650321
2013,483112,-0.017485023
2014,483112,0.057285786
2015,483112,0.091439486
2001,483113,0.032769322
2002,483113,-0.025742531
2003,483113,-0.048350334
2004,483113,0.012419581
2005,483113,-0.049357295
2006,483113,0.00723207
2007,483113,-0.019575834
2008,483113,-0.033652782
2009,483113,0.003391504
2010,483113,0.015278339
2011,483113,0.026458383
2012,483113,-0.035400987
2013,483113,-0.014714837
2014,483113,0.022913575
2015,483113,0.030163169
2001,483211,0.033825278
2002,483211,0.071407557
2003,483211,-0.005815148
2004,483211,0.018855095
2005,483211,-0.010164022
2006,483211,0.003144622
2007,483211,0.033488274
2008,483211,-0.015188932
2009,483211,0.087203741
2010,483211,-0.066641212
2011,483211,-0.088827968
2012,483211,-0.005167246
2013,483211,0.04361248
2014,483211,-0.027436376
2015,483211,0.046983838
2001,484121,0.005457759
2002,484121,-0.013911605
2003,484121,0.004099846
2004,484121,0.005879045
2005,484121,0.010442257
2006,484121,0.012205362
2007,484121,0.006206393
2008,484121,-0.007559419
2009,484121,0.016359687
2010,484121,-0.026780605
2011,484121,0.010045052
2012,484121,-0.006294608
2013,484121,-0.010212064
2014,484121,0.001790524
2015,484121,0.017360091
2001,512131,0.025472879
2002,512131,0.014615655
2003,512131,0.022851825
2004,512131,0.008541703
2005,512131,0.006725073
2006,512131,-0.03769958
2007,512131,0.066480875
2008,512131,-0.016193986
2009,512131,0.030522227
2010,512131,-0.013838172
2011,512131,0.016722798
2012,512131,0.003939033
2013,512131,-0.065667391
2014,512131,0.053885221
2015,512131,0.010454774
2001,518210,0.047284722
2002,518210,-0.014718652
2003,518210,-0.0493716
2004,518210,-0.012696147
2005,518210,-0.034374952
2006,518210,-0.056090832
2007,518210,-0.018345952
2008,518210,0.031919122
2009,518210,0.007079005
2010,518210,0.025496364
2011,518210,0.014915943
2012,518210,0.051823139
2013,518210,0.049630165
2014,518210,-0.030072927
2015,518210,0.024301052
2001,541211,-0.032873511
2002,541211,-0.008038044
2003,541211,-0.01319778
2004,541211,0.011728644
2005,541211,-0.005438805
2006,541211,-0.002721429
2007,541211,-0.018875122
2008,541211,0.001980305
2009,541211,0.014229894
2010,541211,-0.01137495
2011,541211,-0.004860878
2012,541211,0.003604531
2013,541211,-0.009720922
2014,541211,0.012974143
2015,541211,0.002640009
2001,541330,-0.035880566
2002,541330,-0.070287347
2003,541330,0.011650562
2004,541330,0.026188016
2005,541330,0.012954593
2006,541330,-0.027138591
2007,541330,-0.041462123
2008,541330,-0.00893718
2009,541330,0.022876859
2010,541330,0.009649873
2011,541330,-0.020602942
2012,541330,0.011982799
2013,541330,0.049802542
2014,541330,-0.005440831
2015,541330,-0.02609098
2001,541611,-9.10759E-05
2002,541611,-0.057929873
2003,541611,-0.072755575
2004,541611,-0.030579925
2005,541611,-0.012779593
2006,541611,0.005026817
2007,541611,-0.0174191
2008,541611,0.016756773
2009,541611,0.021189809
2010,541611,0.030467629
2011,541611,-0.011521339
2012,541611,-0.005808353
2013,541611,0.017535567
2014,541611,-0.004175305
2015,541611,0.008088112
2001,541612,-0.00535202
2002,541612,-0.019151807
2003,541612,0.050795138
2004,541612,0.058457851
2005,541612,0.040839553
2006,541612,0.014936328
2007,541612,0.023131728
2008,541612,-0.004465699
2009,541612,0.033096313
2010,541612,-0.028154373
2011,541612,0.041366339
2012,541612,0.032140136
2013,541612,0.02731216
2014,541612,0.032544971
2015,541612,0.016758561
2001,541620,0.021377683
2002,541620,-0.08041954
2003,541620,-0.023487806
2004,541620,-0.045322001
2005,541620,-0.008300841
2006,541620,0.049531341
2007,541620,0.022821069
2008,541620,-0.008760333
2009,541620,-0.000192523
2010,541620,0.01375699
2011,541620,-0.00858748
2012,541620,-0.054879844
2013,541620,-0.021749854
2014,541620,-0.000632882
2015,541620,0.022270679
2001,541714,0.055312514
2002,541714,-0.030461431
2003,541714,-0.013866782
2004,541714,0.000743389
2005,541714,-0.081510663
2006,541714,0.050243974
2007,541714,0.001934409
2008,541714,-0.007780671
2009,541714,-0.016302347
2010,541714,-0.068091512
2011,541714,-0.093063474
2012,541714,0.00669694
2013,541714,0.021812558
2014,541714,0.067321539
2015,541714,0.054468989
2001,541860,0.025473833
2002,541860,-0.002904773
2003,541860,-0.020120025
2004,541860,-0.026537538
2005,541860,-0.023196101
2006,541860,-0.023906469
2007,541860,0.001038909
2008,541860,-0.045311809
2009,541860,-0.008077622
2010,541860,-0.000958562
2011,541860,-0.023001015
2012,541860,0.007166624
2013,541860,0.011004865
2014,541860,-0.016394675
2015,541860,-0.012658834
2001,541940,0.020136356
2002,541940,0.039492369
2003,541940,-0.03243041
2004,541940,-0.0095613
2005,541940,-0.00586021
2006,541940,0.009657621
2007,541940,0.007177115
2008,541940,-0.021017909
2009,541940,-0.004300356
2010,541940,-0.018276811
2011,541940,-0.011800289
2012,541940,0.001365542
2013,541940,0.006646872
2014,541940,0.005170226
2015,541940,0.007797837
2001,561320,-0.017954946
2002,561320,-0.026913166
2003,561320,-0.011282086
2004,561320,0.003184438
2005,561320,0.008731604
2006,561320,0.007620812
2007,561320,0.037275672
2008,561320,-0.004169941
2009,561320,-0.027541399
2010,561320,-0.004878044
2011,561320,0.002241969
2012,561320,0.004102349
2013,561320,0.002531648
2014,561320,0.009492993
2015,561320,0.011080742
2001,561613,0.000534892
2002,561613,0.007509351
2003,561613,-0.016713023
2004,561613,0.009676576
2005,561613,0.084931731
2006,561613,0.056262732
2007,561613,0.004647136
2008,561613,-0.076363087
2009,561613,-0.018481612
2010,561613,-0.005138278
2011,561613,-0.007996798
2012,561613,0.009594083
2013,561613,0.00258565
2014,561613,-0.02282095
2015,561613,0.029200315
2001,561720,-0.017897129
2002,561720,-0.012240887
2003,561720,-0.003165722
2004,561720,-0.000605941
2005,561720,0.009386659
2006,561720,0.016821742
2007,561720,-0.031493783
2008,561720,0.003004491
2009,561720,-0.002812207
2010,561720,0.003109157
2011,561720,0.001362383
2012,561720,-0.004179478
2013,561720,-0.000557125
2014,561720,-0.0062626
2015,561720,0.005953312
2001,562111,0.017079353
2002,562111,-0.037103653
2003,562111,-0.067278504
2004,562111,-0.022963047
2005,562111,-0.012404561
2006,562111,0.026267529
2007,562111,0.044516206
2008,562111,-0.000513554
2009,562111,0.048532605
2010,562111,-0.006678939
2011,562111,-0.025113106
2012,562111,-0.032408595
2013,562111,-0.000484943
2014,562111,-0.002799034
2015,562111,0.032536507
2001,562920,-0.007495344
2002,562920,-0.007927358
2003,562920,-0.00715965
2004,562920,-0.003418863
2005,562920,0.007423103
2006,562920,0.099140823
2007,562920,-0.000422835
2008,562920,-0.01655674
2009,562920,-0.028849661
2010,562920,-0.034368038
2011,562920,-0.047554791
2012,562920,0.020076215
2013,562920,-0.04030633
2014,562920,0.004837215
2015,562920,-0.066560209
2001,621340,0.032463551
2002,621340,0.002235532
2003,621340,-0.011684179
2004,621340,-0.012819052
2005,621340,0.038945913
2006,621340,-0.011109114
2007,621340,-0.010267019
2008,621340,0.025574327
2009,621340,0.036165953
2010,621340,0.009253502
2011,621340,-0.020953655
2012,621340,-0.010552287
2013,621340,-0.003802538
2014,621340,0.001033306
2015,621340,-0.018793941
2001,621492,0.00707233
2002,621492,-0.044598222
2003,621492,-4.1008E-05
2004,621492,-0.000485659
2005,621492,0.008274555
2006,621492,-0.013206005
2007,621492,0.024550676
2008,621492,-0.007466674
2009,621492,-0.001182079
2010,621492,0.00977695
2011,621492,0.035177112
2012,621492,-0.042789578
2013,621492,-0.039064407
2014,621492,-0.019994259
2015,621492,0.012304187
2001,621511,0.031191945
2002,621511,0.044093847
2003,621511,0.00364244
2004,621511,-0.00505054
2005,621511,0.00788784
2006,621511,0.017062902
2007,621511,-0.001719356
2008,621511,0.007023215
2009,621511,0.020501018
2010,621511,-0.031476378
2011,621511,-0.002500653
2012,621511,-0.019631386
2013,621511,-0.024670243
2014,621511,-0.03772068
2015,621511,-0.028121591
2001,621512,0.0601753
2002,621512,0.068605423
2003,621512,-0.061528683
2004,621512,-0.09121418
2005,621512,-0.06178391
2006,621512,-0.022222638
2007,621512,-0.063451409
2008,621512,0.024862647
2009,621512,0.01785481
2010,621512,-0.020326972
2011,621512,-0.0239923
2012,621512,-0.025086045
2013,621512,0.016170144
2014,621512,-0.01273787
2015,621512,-0.048523068
2001,621610,-0.016924143
2002,621610,-0.004454732
2003,621610,-0.015936017
2004,621610,0.017797112
2005,621610,0.013535261
2006,621610,0.062017083
2007,621610,0.043978572
2008,621610,0.045168519
2009,621610,0.061145425
2010,621610,0.00238514
2011,621610,-0.060539722
2012,621610,0.050263286
2013,621610,-0.082794547
2014,621610,-0.081827521
2015,621610,0.007191539
2001,622310,-0.012032151
2002,622310,-0.026724339
2003,622310,-0.038465261
2004,622310,0.062217474
2005,622310,-0.060543656
2006,622310,-0.081178904
2007,622310,-0.008463502
2008,622310,0.002010107
2009,622310,0.021191001
2010,622310,-0.00500834
2011,622310,0.0777421
2012,622310,-0.007638574
2013,622310,0.000880122
2014,622310,-0.001883626
2015,622310,-0.028689742
2001,623311,-0.046773374
2002,623311,0.007417142
2003,623311,0.019569397
2004,623311,0.062550068
2005,623311,-0.012774467
2006,623311,0.046176314
2007,623311,0.010434866
2008,623311,-0.011859298
2009,623311,0.002656817
2010,623311,0.080006242
2011,623311,-0.019288659
2012,623311,-0.028665423
2013,623311,0.00981307
2014,623311,0.006909251
2015,623311,0.013288498
2001,623312,-0.013860345
2002,623312,-0.023918867
2003,623312,-0.070694685
2004,623312,-0.052608609
2005,623312,0.004218698
2006,623312,0.035577893
2007,623312,-0.063941479
2008,623312,0.018880248
2009,623312,0.021397829
2010,623312,0.03956759
2011,623312,-0.00859201
2012,623312,0.063183904
2013,623312,0.023367167
2014,623312,-0.008769393
2015,623312,0.015465736
2001,721120,0.022068858
2002,721120,0.041215181
2003,721120,-0.020827293
2004,721120,0.032940984
2005,721120,0.020740628
2006,721120,0.032075286
2007,721120,-0.072789907
2008,721120,-0.093481898
2009,721120,-0.035447478
2010,721120,-0.01209867
2011,721120,0.039159536
2012,721120,-0.019769669
2013,721120,0.027079225
2014,721120,0.030673623
2015,721120,0.033602357
2001,722310,-0.01311636
2002,722310,0.013553262
2003,722310,-0.003405929
2004,722310,0.009519219
2005,722310,0.004642367
2006,722310,-0.008195519
2007,722310,-0.001854539
2008,722310,-0.011689544
2009,722310,0.030516386
2010,722310,-0.011164665
2011,722310,-0.000421643
2012,722310,0.000899911
2013,722310,-0.007933259
2014,722310,0.001276135
2015,722310,0.006789088
2001,722513,-0.020057678
2002,722513,-0.005519629
2003,722513,-0.00681603
2004,722513,0.006050348
2005,722513,-0.003608704
2006,722513,0.012235045
2007,722513,0.002960086
2008,722513,0.007132173
2009,722513,0.039673686
2010,722513,0.029999614
2011,722513,-0.003056049
2012,722513,0.010084748
2013,722513,0.060248733
2014,722513,0.011250496
2015,722513,-0.051365376
2001,722514,-0.075875878
2002,722514,0.006925941
2003,722514,0.039512694
2004,722514,0.020090401
2005,722514,0.030772328
2006,722514,-0.003799915
2007,722514,0.003498554
2008,722514,-0.045585513
2009,722514,-0.025421202
2010,722514,0.030165493
2011,722514,0.006467462
2012,722514,0.057091236
2013,722514,-0.024493456
2014,722514,-0.007111907
2015,722514,0.021927118
2001,812930,-0.088343859
2002,812930,-0.054942489
2003,812930,-0.03311789
2004,812930,0.00175786
2005,812930,-0.007502079
2006,812930,0.011982083
2007,812930,0.008178115
2008,812930,-0.0108217
2009,812930,-0.01297152
2010,812930,0.004710794
2011,812930,0.002051592
2012,812930,-0.007346511
2013,812930,0.009390712
2014,812930,-0.00362277
2015,812930,-0.008356094
